Name,Severity,URL,Description,Solution
Missing Anti-clickjacking Header,Medium,http://testphp.vulnweb.com/,The response does not protect against 'ClickJacking' attacks. It should include either Content-Security-Policy with 'frame-ancestors' directive or X-Frame-Options.,"Modern Web browsers support the Content-Security-Policy and X-Frame-Options HTTP headers. Ensure one of them is set on all web pages returned by your site/app.
If you expect the page to be framed only by pages on your server (e.g. it's part of a FRAMESET) then you'll want to use SAMEORIGIN, otherwise if you never expect the page to be framed, you should use DENY. Alternatively consider implementing Content Security Policy's ""frame-ancestors"" directive."
Charset Mismatch (Header Versus Meta Content-Type Charset),Informational,http://testphp.vulnweb.com/,"This check identifies responses where the HTTP Content-Type header declares a charset different from the charset defined by the body of the HTML or XML. When there's a charset mismatch between the HTTP header and content body Web browsers can be forced into an undesirable content-sniffing mode to determine the content's correct character set.

An attacker could manipulate content on the page to be interpreted in an encoding of their choice. For example, if an attacker can control content at the beginning of the page, they could inject script using UTF-7 encoded text and manipulate some browsers into interpreting that text.",Force UTF-8 for all text content in both the HTTP header and meta tags in HTML or encoding declarations in XML.
Content Security Policy (CSP) Header Not Set,Medium,http://testphp.vulnweb.com/,"Content Security Policy (CSP) is an added layer of security that helps to detect and mitigate certain types of attacks, including Cross Site Scripting (XSS) and data injection attacks. These attacks are used for everything from data theft to site defacement or distribution of malware. CSP provides a set of standard HTTP headers that allow website owners to declare approved sources of content that browsers should be allowed to load on that page — covered types are JavaScript, CSS, HTML frames, fonts, images and embeddable objects such as Java applets, ActiveX, audio and video files.","Ensure that your web server, application server, load balancer, etc. is configured to set the Content-Security-Policy header."
Absence of Anti-CSRF Tokens,Medium,http://testphp.vulnweb.com/,"No Anti-CSRF tokens were found in a HTML submission form.
A cross-site request forgery is an attack that involves forcing a victim to send an HTTP request to a target destination without their knowledge or intent in order to perform an action as the victim. The underlying cause is application functionality using predictable URL/form actions in a repeatable way. The nature of the attack is that CSRF exploits the trust that a web site has for a user. By contrast, cross-site scripting (XSS) exploits the trust that a user has for a web site. Like XSS, CSRF attacks are not necessarily cross-site, but they can be. Cross-site request forgery is also known as CSRF, XSRF, one-click attack, session riding, confused deputy, and sea surf.

CSRF attacks are effective in a number of situations, including:
    * The victim has an active session on the target site.
    * The victim is authenticated via HTTP auth on the target site.
    * The victim is on the same local network as the target site.

CSRF has primarily been used to perform an action against a target site using the victim's privileges, but recent techniques have been discovered to disclose information by gaining access to the response. The risk of information disclosure is dramatically increased when the target site is vulnerable to XSS, because XSS can be used as a platform for CSRF, allowing the attack to operate within the bounds of the same-origin policy.","Phase: Architecture and Design
Use a vetted library or framework that does not allow this weakness to occur or provides constructs that make this weakness easier to avoid.
For example, use anti-CSRF packages such as the OWASP CSRFGuard.

Phase: Implementation
Ensure that your application is free of cross-site scripting issues, because most CSRF defenses can be bypassed using attacker-controlled script.

Phase: Architecture and Design
Generate a unique nonce for each form, place the nonce into the form, and verify the nonce upon receipt of the form. Be sure that the nonce is not predictable (CWE-330).
Note that this can be bypassed using XSS.

Identify especially dangerous operations. When the user performs a dangerous operation, send a separate confirmation request to ensure that the user intended to perform that operation.
Note that this can be bypassed using XSS.

Use the ESAPI Session Management control.
This control includes a component for CSRF.

Do not use the GET method for any request that triggers a state change.

Phase: Implementation
Check the HTTP Referer header to see if the request originated from an expected page. This could break legitimate functionality, because users or proxies may have disabled sending the Referer for privacy reasons."
"Server Leaks Version Information via ""Server"" HTTP Response Header Field",Low,http://testphp.vulnweb.com/,"The web/application server is leaking version information via the ""Server"" HTTP response header. Access to such information may facilitate attackers identifying other vulnerabilities your web/application server is subject to.","Ensure that your web server, application server, load balancer, etc. is configured to suppress the ""Server"" header or provide generic details."
X-Content-Type-Options Header Missing,Low,http://testphp.vulnweb.com/,"The Anti-MIME-Sniffing header X-Content-Type-Options was not set to 'nosniff'. This allows older versions of Internet Explorer and Chrome to perform MIME-sniffing on the response body, potentially causing the response body to be interpreted and displayed as a content type other than the declared content type. Current (early 2014) and legacy versions of Firefox will use the declared content type (if one is set), rather than performing MIME-sniffing.","Ensure that the application/web server sets the Content-Type header appropriately, and that it sets the X-Content-Type-Options header to 'nosniff' for all web pages.
If possible, ensure that the end user uses a standards-compliant and modern web browser that does not perform MIME-sniffing at all, or that can be directed by the web application/web server to not perform MIME-sniffing."
"Server Leaks Information via ""X-Powered-By"" HTTP Response Header Field(s)",Low,http://testphp.vulnweb.com/,"The web/application server is leaking information via one or more ""X-Powered-By"" HTTP response headers. Access to such information may facilitate attackers identifying other frameworks/components your web application is reliant upon and the vulnerabilities such components may be subject to.","Ensure that your web server, application server, load balancer, etc. is configured to suppress ""X-Powered-By"" headers."
ZAP is Out of Date,Low,http://testphp.vulnweb.com/,"The version of ZAP you are using to test your app is out of date and is no longer being updated.
The risk level is set based on how out of date your ZAP version is.",Download the latest version of ZAP from https://www.zaproxy.org/download/ and install it.
Missing Anti-clickjacking Header,Medium,http://testphp.vulnweb.com,The response does not protect against 'ClickJacking' attacks. It should include either Content-Security-Policy with 'frame-ancestors' directive or X-Frame-Options.,"Modern Web browsers support the Content-Security-Policy and X-Frame-Options HTTP headers. Ensure one of them is set on all web pages returned by your site/app.
If you expect the page to be framed only by pages on your server (e.g. it's part of a FRAMESET) then you'll want to use SAMEORIGIN, otherwise if you never expect the page to be framed, you should use DENY. Alternatively consider implementing Content Security Policy's ""frame-ancestors"" directive."
Content Security Policy (CSP) Header Not Set,Medium,http://testphp.vulnweb.com/robots.txt,"Content Security Policy (CSP) is an added layer of security that helps to detect and mitigate certain types of attacks, including Cross Site Scripting (XSS) and data injection attacks. These attacks are used for everything from data theft to site defacement or distribution of malware. CSP provides a set of standard HTTP headers that allow website owners to declare approved sources of content that browsers should be allowed to load on that page — covered types are JavaScript, CSS, HTML frames, fonts, images and embeddable objects such as Java applets, ActiveX, audio and video files.","Ensure that your web server, application server, load balancer, etc. is configured to set the Content-Security-Policy header."
Content Security Policy (CSP) Header Not Set,Medium,http://testphp.vulnweb.com/sitemap.xml,"Content Security Policy (CSP) is an added layer of security that helps to detect and mitigate certain types of attacks, including Cross Site Scripting (XSS) and data injection attacks. These attacks are used for everything from data theft to site defacement or distribution of malware. CSP provides a set of standard HTTP headers that allow website owners to declare approved sources of content that browsers should be allowed to load on that page — covered types are JavaScript, CSS, HTML frames, fonts, images and embeddable objects such as Java applets, ActiveX, audio and video files.","Ensure that your web server, application server, load balancer, etc. is configured to set the Content-Security-Policy header."
"Server Leaks Version Information via ""Server"" HTTP Response Header Field",Low,http://testphp.vulnweb.com/sitemap.xml,"The web/application server is leaking version information via the ""Server"" HTTP response header. Access to such information may facilitate attackers identifying other vulnerabilities your web/application server is subject to.","Ensure that your web server, application server, load balancer, etc. is configured to suppress the ""Server"" header or provide generic details."
"Server Leaks Version Information via ""Server"" HTTP Response Header Field",Low,http://testphp.vulnweb.com/robots.txt,"The web/application server is leaking version information via the ""Server"" HTTP response header. Access to such information may facilitate attackers identifying other vulnerabilities your web/application server is subject to.","Ensure that your web server, application server, load balancer, etc. is configured to suppress the ""Server"" header or provide generic details."
Missing Anti-clickjacking Header,Medium,http://testphp.vulnweb.com/categories.php,The response does not protect against 'ClickJacking' attacks. It should include either Content-Security-Policy with 'frame-ancestors' directive or X-Frame-Options.,"Modern Web browsers support the Content-Security-Policy and X-Frame-Options HTTP headers. Ensure one of them is set on all web pages returned by your site/app.
If you expect the page to be framed only by pages on your server (e.g. it's part of a FRAMESET) then you'll want to use SAMEORIGIN, otherwise if you never expect the page to be framed, you should use DENY. Alternatively consider implementing Content Security Policy's ""frame-ancestors"" directive."
Missing Anti-clickjacking Header,Medium,http://testphp.vulnweb.com/index.php,The response does not protect against 'ClickJacking' attacks. It should include either Content-Security-Policy with 'frame-ancestors' directive or X-Frame-Options.,"Modern Web browsers support the Content-Security-Policy and X-Frame-Options HTTP headers. Ensure one of them is set on all web pages returned by your site/app.
If you expect the page to be framed only by pages on your server (e.g. it's part of a FRAMESET) then you'll want to use SAMEORIGIN, otherwise if you never expect the page to be framed, you should use DENY. Alternatively consider implementing Content Security Policy's ""frame-ancestors"" directive."
Charset Mismatch (Header Versus Meta Content-Type Charset),Informational,http://testphp.vulnweb.com,"This check identifies responses where the HTTP Content-Type header declares a charset different from the charset defined by the body of the HTML or XML. When there's a charset mismatch between the HTTP header and content body Web browsers can be forced into an undesirable content-sniffing mode to determine the content's correct character set.

An attacker could manipulate content on the page to be interpreted in an encoding of their choice. For example, if an attacker can control content at the beginning of the page, they could inject script using UTF-7 encoded text and manipulate some browsers into interpreting that text.",Force UTF-8 for all text content in both the HTTP header and meta tags in HTML or encoding declarations in XML.
Content Security Policy (CSP) Header Not Set,Medium,http://testphp.vulnweb.com,"Content Security Policy (CSP) is an added layer of security that helps to detect and mitigate certain types of attacks, including Cross Site Scripting (XSS) and data injection attacks. These attacks are used for everything from data theft to site defacement or distribution of malware. CSP provides a set of standard HTTP headers that allow website owners to declare approved sources of content that browsers should be allowed to load on that page — covered types are JavaScript, CSS, HTML frames, fonts, images and embeddable objects such as Java applets, ActiveX, audio and video files.","Ensure that your web server, application server, load balancer, etc. is configured to set the Content-Security-Policy header."
Charset Mismatch (Header Versus Meta Content-Type Charset),Informational,http://testphp.vulnweb.com/index.php,"This check identifies responses where the HTTP Content-Type header declares a charset different from the charset defined by the body of the HTML or XML. When there's a charset mismatch between the HTTP header and content body Web browsers can be forced into an undesirable content-sniffing mode to determine the content's correct character set.

An attacker could manipulate content on the page to be interpreted in an encoding of their choice. For example, if an attacker can control content at the beginning of the page, they could inject script using UTF-7 encoded text and manipulate some browsers into interpreting that text.",Force UTF-8 for all text content in both the HTTP header and meta tags in HTML or encoding declarations in XML.
Absence of Anti-CSRF Tokens,Medium,http://testphp.vulnweb.com,"No Anti-CSRF tokens were found in a HTML submission form.
A cross-site request forgery is an attack that involves forcing a victim to send an HTTP request to a target destination without their knowledge or intent in order to perform an action as the victim. The underlying cause is application functionality using predictable URL/form actions in a repeatable way. The nature of the attack is that CSRF exploits the trust that a web site has for a user. By contrast, cross-site scripting (XSS) exploits the trust that a user has for a web site. Like XSS, CSRF attacks are not necessarily cross-site, but they can be. Cross-site request forgery is also known as CSRF, XSRF, one-click attack, session riding, confused deputy, and sea surf.

CSRF attacks are effective in a number of situations, including:
    * The victim has an active session on the target site.
    * The victim is authenticated via HTTP auth on the target site.
    * The victim is on the same local network as the target site.

CSRF has primarily been used to perform an action against a target site using the victim's privileges, but recent techniques have been discovered to disclose information by gaining access to the response. The risk of information disclosure is dramatically increased when the target site is vulnerable to XSS, because XSS can be used as a platform for CSRF, allowing the attack to operate within the bounds of the same-origin policy.","Phase: Architecture and Design
Use a vetted library or framework that does not allow this weakness to occur or provides constructs that make this weakness easier to avoid.
For example, use anti-CSRF packages such as the OWASP CSRFGuard.

Phase: Implementation
Ensure that your application is free of cross-site scripting issues, because most CSRF defenses can be bypassed using attacker-controlled script.

Phase: Architecture and Design
Generate a unique nonce for each form, place the nonce into the form, and verify the nonce upon receipt of the form. Be sure that the nonce is not predictable (CWE-330).
Note that this can be bypassed using XSS.

Identify especially dangerous operations. When the user performs a dangerous operation, send a separate confirmation request to ensure that the user intended to perform that operation.
Note that this can be bypassed using XSS.

Use the ESAPI Session Management control.
This control includes a component for CSRF.

Do not use the GET method for any request that triggers a state change.

Phase: Implementation
Check the HTTP Referer header to see if the request originated from an expected page. This could break legitimate functionality, because users or proxies may have disabled sending the Referer for privacy reasons."
Content Security Policy (CSP) Header Not Set,Medium,http://testphp.vulnweb.com/index.php,"Content Security Policy (CSP) is an added layer of security that helps to detect and mitigate certain types of attacks, including Cross Site Scripting (XSS) and data injection attacks. These attacks are used for everything from data theft to site defacement or distribution of malware. CSP provides a set of standard HTTP headers that allow website owners to declare approved sources of content that browsers should be allowed to load on that page — covered types are JavaScript, CSS, HTML frames, fonts, images and embeddable objects such as Java applets, ActiveX, audio and video files.","Ensure that your web server, application server, load balancer, etc. is configured to set the Content-Security-Policy header."
Absence of Anti-CSRF Tokens,Medium,http://testphp.vulnweb.com/index.php,"No Anti-CSRF tokens were found in a HTML submission form.
A cross-site request forgery is an attack that involves forcing a victim to send an HTTP request to a target destination without their knowledge or intent in order to perform an action as the victim. The underlying cause is application functionality using predictable URL/form actions in a repeatable way. The nature of the attack is that CSRF exploits the trust that a web site has for a user. By contrast, cross-site scripting (XSS) exploits the trust that a user has for a web site. Like XSS, CSRF attacks are not necessarily cross-site, but they can be. Cross-site request forgery is also known as CSRF, XSRF, one-click attack, session riding, confused deputy, and sea surf.

CSRF attacks are effective in a number of situations, including:
    * The victim has an active session on the target site.
    * The victim is authenticated via HTTP auth on the target site.
    * The victim is on the same local network as the target site.

CSRF has primarily been used to perform an action against a target site using the victim's privileges, but recent techniques have been discovered to disclose information by gaining access to the response. The risk of information disclosure is dramatically increased when the target site is vulnerable to XSS, because XSS can be used as a platform for CSRF, allowing the attack to operate within the bounds of the same-origin policy.","Phase: Architecture and Design
Use a vetted library or framework that does not allow this weakness to occur or provides constructs that make this weakness easier to avoid.
For example, use anti-CSRF packages such as the OWASP CSRFGuard.

Phase: Implementation
Ensure that your application is free of cross-site scripting issues, because most CSRF defenses can be bypassed using attacker-controlled script.

Phase: Architecture and Design
Generate a unique nonce for each form, place the nonce into the form, and verify the nonce upon receipt of the form. Be sure that the nonce is not predictable (CWE-330).
Note that this can be bypassed using XSS.

Identify especially dangerous operations. When the user performs a dangerous operation, send a separate confirmation request to ensure that the user intended to perform that operation.
Note that this can be bypassed using XSS.

Use the ESAPI Session Management control.
This control includes a component for CSRF.

Do not use the GET method for any request that triggers a state change.

Phase: Implementation
Check the HTTP Referer header to see if the request originated from an expected page. This could break legitimate functionality, because users or proxies may have disabled sending the Referer for privacy reasons."
Charset Mismatch (Header Versus Meta Content-Type Charset),Informational,http://testphp.vulnweb.com/categories.php,"This check identifies responses where the HTTP Content-Type header declares a charset different from the charset defined by the body of the HTML or XML. When there's a charset mismatch between the HTTP header and content body Web browsers can be forced into an undesirable content-sniffing mode to determine the content's correct character set.

An attacker could manipulate content on the page to be interpreted in an encoding of their choice. For example, if an attacker can control content at the beginning of the page, they could inject script using UTF-7 encoded text and manipulate some browsers into interpreting that text.",Force UTF-8 for all text content in both the HTTP header and meta tags in HTML or encoding declarations in XML.
Content Security Policy (CSP) Header Not Set,Medium,http://testphp.vulnweb.com/categories.php,"Content Security Policy (CSP) is an added layer of security that helps to detect and mitigate certain types of attacks, including Cross Site Scripting (XSS) and data injection attacks. These attacks are used for everything from data theft to site defacement or distribution of malware. CSP provides a set of standard HTTP headers that allow website owners to declare approved sources of content that browsers should be allowed to load on that page — covered types are JavaScript, CSS, HTML frames, fonts, images and embeddable objects such as Java applets, ActiveX, audio and video files.","Ensure that your web server, application server, load balancer, etc. is configured to set the Content-Security-Policy header."
"Server Leaks Version Information via ""Server"" HTTP Response Header Field",Low,http://testphp.vulnweb.com,"The web/application server is leaking version information via the ""Server"" HTTP response header. Access to such information may facilitate attackers identifying other vulnerabilities your web/application server is subject to.","Ensure that your web server, application server, load balancer, etc. is configured to suppress the ""Server"" header or provide generic details."
Absence of Anti-CSRF Tokens,Medium,http://testphp.vulnweb.com/categories.php,"No Anti-CSRF tokens were found in a HTML submission form.
A cross-site request forgery is an attack that involves forcing a victim to send an HTTP request to a target destination without their knowledge or intent in order to perform an action as the victim. The underlying cause is application functionality using predictable URL/form actions in a repeatable way. The nature of the attack is that CSRF exploits the trust that a web site has for a user. By contrast, cross-site scripting (XSS) exploits the trust that a user has for a web site. Like XSS, CSRF attacks are not necessarily cross-site, but they can be. Cross-site request forgery is also known as CSRF, XSRF, one-click attack, session riding, confused deputy, and sea surf.

CSRF attacks are effective in a number of situations, including:
    * The victim has an active session on the target site.
    * The victim is authenticated via HTTP auth on the target site.
    * The victim is on the same local network as the target site.

CSRF has primarily been used to perform an action against a target site using the victim's privileges, but recent techniques have been discovered to disclose information by gaining access to the response. The risk of information disclosure is dramatically increased when the target site is vulnerable to XSS, because XSS can be used as a platform for CSRF, allowing the attack to operate within the bounds of the same-origin policy.","Phase: Architecture and Design
Use a vetted library or framework that does not allow this weakness to occur or provides constructs that make this weakness easier to avoid.
For example, use anti-CSRF packages such as the OWASP CSRFGuard.

Phase: Implementation
Ensure that your application is free of cross-site scripting issues, because most CSRF defenses can be bypassed using attacker-controlled script.

Phase: Architecture and Design
Generate a unique nonce for each form, place the nonce into the form, and verify the nonce upon receipt of the form. Be sure that the nonce is not predictable (CWE-330).
Note that this can be bypassed using XSS.

Identify especially dangerous operations. When the user performs a dangerous operation, send a separate confirmation request to ensure that the user intended to perform that operation.
Note that this can be bypassed using XSS.

Use the ESAPI Session Management control.
This control includes a component for CSRF.

Do not use the GET method for any request that triggers a state change.

Phase: Implementation
Check the HTTP Referer header to see if the request originated from an expected page. This could break legitimate functionality, because users or proxies may have disabled sending the Referer for privacy reasons."
"Server Leaks Version Information via ""Server"" HTTP Response Header Field",Low,http://testphp.vulnweb.com/index.php,"The web/application server is leaking version information via the ""Server"" HTTP response header. Access to such information may facilitate attackers identifying other vulnerabilities your web/application server is subject to.","Ensure that your web server, application server, load balancer, etc. is configured to suppress the ""Server"" header or provide generic details."
X-Content-Type-Options Header Missing,Low,http://testphp.vulnweb.com,"The Anti-MIME-Sniffing header X-Content-Type-Options was not set to 'nosniff'. This allows older versions of Internet Explorer and Chrome to perform MIME-sniffing on the response body, potentially causing the response body to be interpreted and displayed as a content type other than the declared content type. Current (early 2014) and legacy versions of Firefox will use the declared content type (if one is set), rather than performing MIME-sniffing.","Ensure that the application/web server sets the Content-Type header appropriately, and that it sets the X-Content-Type-Options header to 'nosniff' for all web pages.
If possible, ensure that the end user uses a standards-compliant and modern web browser that does not perform MIME-sniffing at all, or that can be directed by the web application/web server to not perform MIME-sniffing."
"Server Leaks Information via ""X-Powered-By"" HTTP Response Header Field(s)",Low,http://testphp.vulnweb.com,"The web/application server is leaking information via one or more ""X-Powered-By"" HTTP response headers. Access to such information may facilitate attackers identifying other frameworks/components your web application is reliant upon and the vulnerabilities such components may be subject to.","Ensure that your web server, application server, load balancer, etc. is configured to suppress ""X-Powered-By"" headers."
X-Content-Type-Options Header Missing,Low,http://testphp.vulnweb.com/index.php,"The Anti-MIME-Sniffing header X-Content-Type-Options was not set to 'nosniff'. This allows older versions of Internet Explorer and Chrome to perform MIME-sniffing on the response body, potentially causing the response body to be interpreted and displayed as a content type other than the declared content type. Current (early 2014) and legacy versions of Firefox will use the declared content type (if one is set), rather than performing MIME-sniffing.","Ensure that the application/web server sets the Content-Type header appropriately, and that it sets the X-Content-Type-Options header to 'nosniff' for all web pages.
If possible, ensure that the end user uses a standards-compliant and modern web browser that does not perform MIME-sniffing at all, or that can be directed by the web application/web server to not perform MIME-sniffing."
"Server Leaks Information via ""X-Powered-By"" HTTP Response Header Field(s)",Low,http://testphp.vulnweb.com/index.php,"The web/application server is leaking information via one or more ""X-Powered-By"" HTTP response headers. Access to such information may facilitate attackers identifying other frameworks/components your web application is reliant upon and the vulnerabilities such components may be subject to.","Ensure that your web server, application server, load balancer, etc. is configured to suppress ""X-Powered-By"" headers."
"Server Leaks Version Information via ""Server"" HTTP Response Header Field",Low,http://testphp.vulnweb.com/categories.php,"The web/application server is leaking version information via the ""Server"" HTTP response header. Access to such information may facilitate attackers identifying other vulnerabilities your web/application server is subject to.","Ensure that your web server, application server, load balancer, etc. is configured to suppress the ""Server"" header or provide generic details."
Missing Anti-clickjacking Header,Medium,http://testphp.vulnweb.com/artists.php,The response does not protect against 'ClickJacking' attacks. It should include either Content-Security-Policy with 'frame-ancestors' directive or X-Frame-Options.,"Modern Web browsers support the Content-Security-Policy and X-Frame-Options HTTP headers. Ensure one of them is set on all web pages returned by your site/app.
If you expect the page to be framed only by pages on your server (e.g. it's part of a FRAMESET) then you'll want to use SAMEORIGIN, otherwise if you never expect the page to be framed, you should use DENY. Alternatively consider implementing Content Security Policy's ""frame-ancestors"" directive."
X-Content-Type-Options Header Missing,Low,http://testphp.vulnweb.com/categories.php,"The Anti-MIME-Sniffing header X-Content-Type-Options was not set to 'nosniff'. This allows older versions of Internet Explorer and Chrome to perform MIME-sniffing on the response body, potentially causing the response body to be interpreted and displayed as a content type other than the declared content type. Current (early 2014) and legacy versions of Firefox will use the declared content type (if one is set), rather than performing MIME-sniffing.","Ensure that the application/web server sets the Content-Type header appropriately, and that it sets the X-Content-Type-Options header to 'nosniff' for all web pages.
If possible, ensure that the end user uses a standards-compliant and modern web browser that does not perform MIME-sniffing at all, or that can be directed by the web application/web server to not perform MIME-sniffing."
Missing Anti-clickjacking Header,Medium,http://testphp.vulnweb.com/cart.php,The response does not protect against 'ClickJacking' attacks. It should include either Content-Security-Policy with 'frame-ancestors' directive or X-Frame-Options.,"Modern Web browsers support the Content-Security-Policy and X-Frame-Options HTTP headers. Ensure one of them is set on all web pages returned by your site/app.
If you expect the page to be framed only by pages on your server (e.g. it's part of a FRAMESET) then you'll want to use SAMEORIGIN, otherwise if you never expect the page to be framed, you should use DENY. Alternatively consider implementing Content Security Policy's ""frame-ancestors"" directive."
Missing Anti-clickjacking Header,Medium,http://testphp.vulnweb.com/disclaimer.php,The response does not protect against 'ClickJacking' attacks. It should include either Content-Security-Policy with 'frame-ancestors' directive or X-Frame-Options.,"Modern Web browsers support the Content-Security-Policy and X-Frame-Options HTTP headers. Ensure one of them is set on all web pages returned by your site/app.
If you expect the page to be framed only by pages on your server (e.g. it's part of a FRAMESET) then you'll want to use SAMEORIGIN, otherwise if you never expect the page to be framed, you should use DENY. Alternatively consider implementing Content Security Policy's ""frame-ancestors"" directive."
"Server Leaks Information via ""X-Powered-By"" HTTP Response Header Field(s)",Low,http://testphp.vulnweb.com/categories.php,"The web/application server is leaking information via one or more ""X-Powered-By"" HTTP response headers. Access to such information may facilitate attackers identifying other frameworks/components your web application is reliant upon and the vulnerabilities such components may be subject to.","Ensure that your web server, application server, load balancer, etc. is configured to suppress ""X-Powered-By"" headers."
Charset Mismatch (Header Versus Meta Content-Type Charset),Informational,http://testphp.vulnweb.com/artists.php,"This check identifies responses where the HTTP Content-Type header declares a charset different from the charset defined by the body of the HTML or XML. When there's a charset mismatch between the HTTP header and content body Web browsers can be forced into an undesirable content-sniffing mode to determine the content's correct character set.

An attacker could manipulate content on the page to be interpreted in an encoding of their choice. For example, if an attacker can control content at the beginning of the page, they could inject script using UTF-7 encoded text and manipulate some browsers into interpreting that text.",Force UTF-8 for all text content in both the HTTP header and meta tags in HTML or encoding declarations in XML.
Charset Mismatch (Header Versus Meta Content-Type Charset),Informational,http://testphp.vulnweb.com/cart.php,"This check identifies responses where the HTTP Content-Type header declares a charset different from the charset defined by the body of the HTML or XML. When there's a charset mismatch between the HTTP header and content body Web browsers can be forced into an undesirable content-sniffing mode to determine the content's correct character set.

An attacker could manipulate content on the page to be interpreted in an encoding of their choice. For example, if an attacker can control content at the beginning of the page, they could inject script using UTF-7 encoded text and manipulate some browsers into interpreting that text.",Force UTF-8 for all text content in both the HTTP header and meta tags in HTML or encoding declarations in XML.
Content Security Policy (CSP) Header Not Set,Medium,http://testphp.vulnweb.com/artists.php,"Content Security Policy (CSP) is an added layer of security that helps to detect and mitigate certain types of attacks, including Cross Site Scripting (XSS) and data injection attacks. These attacks are used for everything from data theft to site defacement or distribution of malware. CSP provides a set of standard HTTP headers that allow website owners to declare approved sources of content that browsers should be allowed to load on that page — covered types are JavaScript, CSS, HTML frames, fonts, images and embeddable objects such as Java applets, ActiveX, audio and video files.","Ensure that your web server, application server, load balancer, etc. is configured to set the Content-Security-Policy header."
Missing Anti-clickjacking Header,Medium,http://testphp.vulnweb.com/AJAX/index.php,The response does not protect against 'ClickJacking' attacks. It should include either Content-Security-Policy with 'frame-ancestors' directive or X-Frame-Options.,"Modern Web browsers support the Content-Security-Policy and X-Frame-Options HTTP headers. Ensure one of them is set on all web pages returned by your site/app.
If you expect the page to be framed only by pages on your server (e.g. it's part of a FRAMESET) then you'll want to use SAMEORIGIN, otherwise if you never expect the page to be framed, you should use DENY. Alternatively consider implementing Content Security Policy's ""frame-ancestors"" directive."
Charset Mismatch (Header Versus Meta Content-Type Charset),Informational,http://testphp.vulnweb.com/disclaimer.php,"This check identifies responses where the HTTP Content-Type header declares a charset different from the charset defined by the body of the HTML or XML. When there's a charset mismatch between the HTTP header and content body Web browsers can be forced into an undesirable content-sniffing mode to determine the content's correct character set.

An attacker could manipulate content on the page to be interpreted in an encoding of their choice. For example, if an attacker can control content at the beginning of the page, they could inject script using UTF-7 encoded text and manipulate some browsers into interpreting that text.",Force UTF-8 for all text content in both the HTTP header and meta tags in HTML or encoding declarations in XML.
Content Security Policy (CSP) Header Not Set,Medium,http://testphp.vulnweb.com/cart.php,"Content Security Policy (CSP) is an added layer of security that helps to detect and mitigate certain types of attacks, including Cross Site Scripting (XSS) and data injection attacks. These attacks are used for everything from data theft to site defacement or distribution of malware. CSP provides a set of standard HTTP headers that allow website owners to declare approved sources of content that browsers should be allowed to load on that page — covered types are JavaScript, CSS, HTML frames, fonts, images and embeddable objects such as Java applets, ActiveX, audio and video files.","Ensure that your web server, application server, load balancer, etc. is configured to set the Content-Security-Policy header."
Absence of Anti-CSRF Tokens,Medium,http://testphp.vulnweb.com/artists.php,"No Anti-CSRF tokens were found in a HTML submission form.
A cross-site request forgery is an attack that involves forcing a victim to send an HTTP request to a target destination without their knowledge or intent in order to perform an action as the victim. The underlying cause is application functionality using predictable URL/form actions in a repeatable way. The nature of the attack is that CSRF exploits the trust that a web site has for a user. By contrast, cross-site scripting (XSS) exploits the trust that a user has for a web site. Like XSS, CSRF attacks are not necessarily cross-site, but they can be. Cross-site request forgery is also known as CSRF, XSRF, one-click attack, session riding, confused deputy, and sea surf.

CSRF attacks are effective in a number of situations, including:
    * The victim has an active session on the target site.
    * The victim is authenticated via HTTP auth on the target site.
    * The victim is on the same local network as the target site.

CSRF has primarily been used to perform an action against a target site using the victim's privileges, but recent techniques have been discovered to disclose information by gaining access to the response. The risk of information disclosure is dramatically increased when the target site is vulnerable to XSS, because XSS can be used as a platform for CSRF, allowing the attack to operate within the bounds of the same-origin policy.","Phase: Architecture and Design
Use a vetted library or framework that does not allow this weakness to occur or provides constructs that make this weakness easier to avoid.
For example, use anti-CSRF packages such as the OWASP CSRFGuard.

Phase: Implementation
Ensure that your application is free of cross-site scripting issues, because most CSRF defenses can be bypassed using attacker-controlled script.

Phase: Architecture and Design
Generate a unique nonce for each form, place the nonce into the form, and verify the nonce upon receipt of the form. Be sure that the nonce is not predictable (CWE-330).
Note that this can be bypassed using XSS.

Identify especially dangerous operations. When the user performs a dangerous operation, send a separate confirmation request to ensure that the user intended to perform that operation.
Note that this can be bypassed using XSS.

Use the ESAPI Session Management control.
This control includes a component for CSRF.

Do not use the GET method for any request that triggers a state change.

Phase: Implementation
Check the HTTP Referer header to see if the request originated from an expected page. This could break legitimate functionality, because users or proxies may have disabled sending the Referer for privacy reasons."
Content Security Policy (CSP) Header Not Set,Medium,http://testphp.vulnweb.com/disclaimer.php,"Content Security Policy (CSP) is an added layer of security that helps to detect and mitigate certain types of attacks, including Cross Site Scripting (XSS) and data injection attacks. These attacks are used for everything from data theft to site defacement or distribution of malware. CSP provides a set of standard HTTP headers that allow website owners to declare approved sources of content that browsers should be allowed to load on that page — covered types are JavaScript, CSS, HTML frames, fonts, images and embeddable objects such as Java applets, ActiveX, audio and video files.","Ensure that your web server, application server, load balancer, etc. is configured to set the Content-Security-Policy header."
Absence of Anti-CSRF Tokens,Medium,http://testphp.vulnweb.com/cart.php,"No Anti-CSRF tokens were found in a HTML submission form.
A cross-site request forgery is an attack that involves forcing a victim to send an HTTP request to a target destination without their knowledge or intent in order to perform an action as the victim. The underlying cause is application functionality using predictable URL/form actions in a repeatable way. The nature of the attack is that CSRF exploits the trust that a web site has for a user. By contrast, cross-site scripting (XSS) exploits the trust that a user has for a web site. Like XSS, CSRF attacks are not necessarily cross-site, but they can be. Cross-site request forgery is also known as CSRF, XSRF, one-click attack, session riding, confused deputy, and sea surf.

CSRF attacks are effective in a number of situations, including:
    * The victim has an active session on the target site.
    * The victim is authenticated via HTTP auth on the target site.
    * The victim is on the same local network as the target site.

CSRF has primarily been used to perform an action against a target site using the victim's privileges, but recent techniques have been discovered to disclose information by gaining access to the response. The risk of information disclosure is dramatically increased when the target site is vulnerable to XSS, because XSS can be used as a platform for CSRF, allowing the attack to operate within the bounds of the same-origin policy.","Phase: Architecture and Design
Use a vetted library or framework that does not allow this weakness to occur or provides constructs that make this weakness easier to avoid.
For example, use anti-CSRF packages such as the OWASP CSRFGuard.

Phase: Implementation
Ensure that your application is free of cross-site scripting issues, because most CSRF defenses can be bypassed using attacker-controlled script.

Phase: Architecture and Design
Generate a unique nonce for each form, place the nonce into the form, and verify the nonce upon receipt of the form. Be sure that the nonce is not predictable (CWE-330).
Note that this can be bypassed using XSS.

Identify especially dangerous operations. When the user performs a dangerous operation, send a separate confirmation request to ensure that the user intended to perform that operation.
Note that this can be bypassed using XSS.

Use the ESAPI Session Management control.
This control includes a component for CSRF.

Do not use the GET method for any request that triggers a state change.

Phase: Implementation
Check the HTTP Referer header to see if the request originated from an expected page. This could break legitimate functionality, because users or proxies may have disabled sending the Referer for privacy reasons."
Absence of Anti-CSRF Tokens,Medium,http://testphp.vulnweb.com/disclaimer.php,"No Anti-CSRF tokens were found in a HTML submission form.
A cross-site request forgery is an attack that involves forcing a victim to send an HTTP request to a target destination without their knowledge or intent in order to perform an action as the victim. The underlying cause is application functionality using predictable URL/form actions in a repeatable way. The nature of the attack is that CSRF exploits the trust that a web site has for a user. By contrast, cross-site scripting (XSS) exploits the trust that a user has for a web site. Like XSS, CSRF attacks are not necessarily cross-site, but they can be. Cross-site request forgery is also known as CSRF, XSRF, one-click attack, session riding, confused deputy, and sea surf.

CSRF attacks are effective in a number of situations, including:
    * The victim has an active session on the target site.
    * The victim is authenticated via HTTP auth on the target site.
    * The victim is on the same local network as the target site.

CSRF has primarily been used to perform an action against a target site using the victim's privileges, but recent techniques have been discovered to disclose information by gaining access to the response. The risk of information disclosure is dramatically increased when the target site is vulnerable to XSS, because XSS can be used as a platform for CSRF, allowing the attack to operate within the bounds of the same-origin policy.","Phase: Architecture and Design
Use a vetted library or framework that does not allow this weakness to occur or provides constructs that make this weakness easier to avoid.
For example, use anti-CSRF packages such as the OWASP CSRFGuard.

Phase: Implementation
Ensure that your application is free of cross-site scripting issues, because most CSRF defenses can be bypassed using attacker-controlled script.

Phase: Architecture and Design
Generate a unique nonce for each form, place the nonce into the form, and verify the nonce upon receipt of the form. Be sure that the nonce is not predictable (CWE-330).
Note that this can be bypassed using XSS.

Identify especially dangerous operations. When the user performs a dangerous operation, send a separate confirmation request to ensure that the user intended to perform that operation.
Note that this can be bypassed using XSS.

Use the ESAPI Session Management control.
This control includes a component for CSRF.

Do not use the GET method for any request that triggers a state change.

Phase: Implementation
Check the HTTP Referer header to see if the request originated from an expected page. This could break legitimate functionality, because users or proxies may have disabled sending the Referer for privacy reasons."
Charset Mismatch (Header Versus Meta Content-Type Charset),Informational,http://testphp.vulnweb.com/AJAX/index.php,"This check identifies responses where the HTTP Content-Type header declares a charset different from the charset defined by the body of the HTML or XML. When there's a charset mismatch between the HTTP header and content body Web browsers can be forced into an undesirable content-sniffing mode to determine the content's correct character set.

An attacker could manipulate content on the page to be interpreted in an encoding of their choice. For example, if an attacker can control content at the beginning of the page, they could inject script using UTF-7 encoded text and manipulate some browsers into interpreting that text.",Force UTF-8 for all text content in both the HTTP header and meta tags in HTML or encoding declarations in XML.
Content Security Policy (CSP) Header Not Set,Medium,http://testphp.vulnweb.com/AJAX/index.php,"Content Security Policy (CSP) is an added layer of security that helps to detect and mitigate certain types of attacks, including Cross Site Scripting (XSS) and data injection attacks. These attacks are used for everything from data theft to site defacement or distribution of malware. CSP provides a set of standard HTTP headers that allow website owners to declare approved sources of content that browsers should be allowed to load on that page — covered types are JavaScript, CSS, HTML frames, fonts, images and embeddable objects such as Java applets, ActiveX, audio and video files.","Ensure that your web server, application server, load balancer, etc. is configured to set the Content-Security-Policy header."
Modern Web Application,Informational,http://testphp.vulnweb.com/artists.php,The application appears to be a modern web application. If you need to explore it automatically then the Ajax Spider may well be more effective than the standard one.,This is an informational alert and so no changes are required.
"Server Leaks Version Information via ""Server"" HTTP Response Header Field",Low,http://testphp.vulnweb.com/artists.php,"The web/application server is leaking version information via the ""Server"" HTTP response header. Access to such information may facilitate attackers identifying other vulnerabilities your web/application server is subject to.","Ensure that your web server, application server, load balancer, etc. is configured to suppress the ""Server"" header or provide generic details."
"Server Leaks Version Information via ""Server"" HTTP Response Header Field",Low,http://testphp.vulnweb.com/disclaimer.php,"The web/application server is leaking version information via the ""Server"" HTTP response header. Access to such information may facilitate attackers identifying other vulnerabilities your web/application server is subject to.","Ensure that your web server, application server, load balancer, etc. is configured to suppress the ""Server"" header or provide generic details."
Modern Web Application,Informational,http://testphp.vulnweb.com/AJAX/index.php,The application appears to be a modern web application. If you need to explore it automatically then the Ajax Spider may well be more effective than the standard one.,This is an informational alert and so no changes are required.
X-Content-Type-Options Header Missing,Low,http://testphp.vulnweb.com/artists.php,"The Anti-MIME-Sniffing header X-Content-Type-Options was not set to 'nosniff'. This allows older versions of Internet Explorer and Chrome to perform MIME-sniffing on the response body, potentially causing the response body to be interpreted and displayed as a content type other than the declared content type. Current (early 2014) and legacy versions of Firefox will use the declared content type (if one is set), rather than performing MIME-sniffing.","Ensure that the application/web server sets the Content-Type header appropriately, and that it sets the X-Content-Type-Options header to 'nosniff' for all web pages.
If possible, ensure that the end user uses a standards-compliant and modern web browser that does not perform MIME-sniffing at all, or that can be directed by the web application/web server to not perform MIME-sniffing."
"Server Leaks Version Information via ""Server"" HTTP Response Header Field",Low,http://testphp.vulnweb.com/cart.php,"The web/application server is leaking version information via the ""Server"" HTTP response header. Access to such information may facilitate attackers identifying other vulnerabilities your web/application server is subject to.","Ensure that your web server, application server, load balancer, etc. is configured to suppress the ""Server"" header or provide generic details."
"Server Leaks Information via ""X-Powered-By"" HTTP Response Header Field(s)",Low,http://testphp.vulnweb.com/artists.php,"The web/application server is leaking information via one or more ""X-Powered-By"" HTTP response headers. Access to such information may facilitate attackers identifying other frameworks/components your web application is reliant upon and the vulnerabilities such components may be subject to.","Ensure that your web server, application server, load balancer, etc. is configured to suppress ""X-Powered-By"" headers."
X-Content-Type-Options Header Missing,Low,http://testphp.vulnweb.com/disclaimer.php,"The Anti-MIME-Sniffing header X-Content-Type-Options was not set to 'nosniff'. This allows older versions of Internet Explorer and Chrome to perform MIME-sniffing on the response body, potentially causing the response body to be interpreted and displayed as a content type other than the declared content type. Current (early 2014) and legacy versions of Firefox will use the declared content type (if one is set), rather than performing MIME-sniffing.","Ensure that the application/web server sets the Content-Type header appropriately, and that it sets the X-Content-Type-Options header to 'nosniff' for all web pages.
If possible, ensure that the end user uses a standards-compliant and modern web browser that does not perform MIME-sniffing at all, or that can be directed by the web application/web server to not perform MIME-sniffing."
X-Content-Type-Options Header Missing,Low,http://testphp.vulnweb.com/cart.php,"The Anti-MIME-Sniffing header X-Content-Type-Options was not set to 'nosniff'. This allows older versions of Internet Explorer and Chrome to perform MIME-sniffing on the response body, potentially causing the response body to be interpreted and displayed as a content type other than the declared content type. Current (early 2014) and legacy versions of Firefox will use the declared content type (if one is set), rather than performing MIME-sniffing.","Ensure that the application/web server sets the Content-Type header appropriately, and that it sets the X-Content-Type-Options header to 'nosniff' for all web pages.
If possible, ensure that the end user uses a standards-compliant and modern web browser that does not perform MIME-sniffing at all, or that can be directed by the web application/web server to not perform MIME-sniffing."
"Server Leaks Information via ""X-Powered-By"" HTTP Response Header Field(s)",Low,http://testphp.vulnweb.com/disclaimer.php,"The web/application server is leaking information via one or more ""X-Powered-By"" HTTP response headers. Access to such information may facilitate attackers identifying other frameworks/components your web application is reliant upon and the vulnerabilities such components may be subject to.","Ensure that your web server, application server, load balancer, etc. is configured to suppress ""X-Powered-By"" headers."
"Server Leaks Information via ""X-Powered-By"" HTTP Response Header Field(s)",Low,http://testphp.vulnweb.com/cart.php,"The web/application server is leaking information via one or more ""X-Powered-By"" HTTP response headers. Access to such information may facilitate attackers identifying other frameworks/components your web application is reliant upon and the vulnerabilities such components may be subject to.","Ensure that your web server, application server, load balancer, etc. is configured to suppress ""X-Powered-By"" headers."
"Server Leaks Version Information via ""Server"" HTTP Response Header Field",Low,http://testphp.vulnweb.com/AJAX/index.php,"The web/application server is leaking version information via the ""Server"" HTTP response header. Access to such information may facilitate attackers identifying other vulnerabilities your web/application server is subject to.","Ensure that your web server, application server, load balancer, etc. is configured to suppress the ""Server"" header or provide generic details."
Missing Anti-clickjacking Header,Medium,http://testphp.vulnweb.com/login.php,The response does not protect against 'ClickJacking' attacks. It should include either Content-Security-Policy with 'frame-ancestors' directive or X-Frame-Options.,"Modern Web browsers support the Content-Security-Policy and X-Frame-Options HTTP headers. Ensure one of them is set on all web pages returned by your site/app.
If you expect the page to be framed only by pages on your server (e.g. it's part of a FRAMESET) then you'll want to use SAMEORIGIN, otherwise if you never expect the page to be framed, you should use DENY. Alternatively consider implementing Content Security Policy's ""frame-ancestors"" directive."
X-Content-Type-Options Header Missing,Low,http://testphp.vulnweb.com/AJAX/index.php,"The Anti-MIME-Sniffing header X-Content-Type-Options was not set to 'nosniff'. This allows older versions of Internet Explorer and Chrome to perform MIME-sniffing on the response body, potentially causing the response body to be interpreted and displayed as a content type other than the declared content type. Current (early 2014) and legacy versions of Firefox will use the declared content type (if one is set), rather than performing MIME-sniffing.","Ensure that the application/web server sets the Content-Type header appropriately, and that it sets the X-Content-Type-Options header to 'nosniff' for all web pages.
If possible, ensure that the end user uses a standards-compliant and modern web browser that does not perform MIME-sniffing at all, or that can be directed by the web application/web server to not perform MIME-sniffing."
Charset Mismatch (Header Versus Meta Content-Type Charset),Informational,http://testphp.vulnweb.com/login.php,"This check identifies responses where the HTTP Content-Type header declares a charset different from the charset defined by the body of the HTML or XML. When there's a charset mismatch between the HTTP header and content body Web browsers can be forced into an undesirable content-sniffing mode to determine the content's correct character set.

An attacker could manipulate content on the page to be interpreted in an encoding of their choice. For example, if an attacker can control content at the beginning of the page, they could inject script using UTF-7 encoded text and manipulate some browsers into interpreting that text.",Force UTF-8 for all text content in both the HTTP header and meta tags in HTML or encoding declarations in XML.
Missing Anti-clickjacking Header,Medium,http://testphp.vulnweb.com/guestbook.php,The response does not protect against 'ClickJacking' attacks. It should include either Content-Security-Policy with 'frame-ancestors' directive or X-Frame-Options.,"Modern Web browsers support the Content-Security-Policy and X-Frame-Options HTTP headers. Ensure one of them is set on all web pages returned by your site/app.
If you expect the page to be framed only by pages on your server (e.g. it's part of a FRAMESET) then you'll want to use SAMEORIGIN, otherwise if you never expect the page to be framed, you should use DENY. Alternatively consider implementing Content Security Policy's ""frame-ancestors"" directive."
"Server Leaks Version Information via ""Server"" HTTP Response Header Field",Low,http://testphp.vulnweb.com/userinfo.php,"The web/application server is leaking version information via the ""Server"" HTTP response header. Access to such information may facilitate attackers identifying other vulnerabilities your web/application server is subject to.","Ensure that your web server, application server, load balancer, etc. is configured to suppress the ""Server"" header or provide generic details."
"Server Leaks Information via ""X-Powered-By"" HTTP Response Header Field(s)",Low,http://testphp.vulnweb.com/AJAX/index.php,"The web/application server is leaking information via one or more ""X-Powered-By"" HTTP response headers. Access to such information may facilitate attackers identifying other frameworks/components your web application is reliant upon and the vulnerabilities such components may be subject to.","Ensure that your web server, application server, load balancer, etc. is configured to suppress ""X-Powered-By"" headers."
"Server Leaks Information via ""X-Powered-By"" HTTP Response Header Field(s)",Low,http://testphp.vulnweb.com/userinfo.php,"The web/application server is leaking information via one or more ""X-Powered-By"" HTTP response headers. Access to such information may facilitate attackers identifying other frameworks/components your web application is reliant upon and the vulnerabilities such components may be subject to.","Ensure that your web server, application server, load balancer, etc. is configured to suppress ""X-Powered-By"" headers."
Content Security Policy (CSP) Header Not Set,Medium,http://testphp.vulnweb.com/login.php,"Content Security Policy (CSP) is an added layer of security that helps to detect and mitigate certain types of attacks, including Cross Site Scripting (XSS) and data injection attacks. These attacks are used for everything from data theft to site defacement or distribution of malware. CSP provides a set of standard HTTP headers that allow website owners to declare approved sources of content that browsers should be allowed to load on that page — covered types are JavaScript, CSS, HTML frames, fonts, images and embeddable objects such as Java applets, ActiveX, audio and video files.","Ensure that your web server, application server, load balancer, etc. is configured to set the Content-Security-Policy header."
Charset Mismatch (Header Versus Meta Content-Type Charset),Informational,http://testphp.vulnweb.com/guestbook.php,"This check identifies responses where the HTTP Content-Type header declares a charset different from the charset defined by the body of the HTML or XML. When there's a charset mismatch between the HTTP header and content body Web browsers can be forced into an undesirable content-sniffing mode to determine the content's correct character set.

An attacker could manipulate content on the page to be interpreted in an encoding of their choice. For example, if an attacker can control content at the beginning of the page, they could inject script using UTF-7 encoded text and manipulate some browsers into interpreting that text.",Force UTF-8 for all text content in both the HTTP header and meta tags in HTML or encoding declarations in XML.
Missing Anti-clickjacking Header,Medium,http://testphp.vulnweb.com/Mod_Rewrite_Shop/,The response does not protect against 'ClickJacking' attacks. It should include either Content-Security-Policy with 'frame-ancestors' directive or X-Frame-Options.,"Modern Web browsers support the Content-Security-Policy and X-Frame-Options HTTP headers. Ensure one of them is set on all web pages returned by your site/app.
If you expect the page to be framed only by pages on your server (e.g. it's part of a FRAMESET) then you'll want to use SAMEORIGIN, otherwise if you never expect the page to be framed, you should use DENY. Alternatively consider implementing Content Security Policy's ""frame-ancestors"" directive."
Content Security Policy (CSP) Header Not Set,Medium,http://testphp.vulnweb.com/guestbook.php,"Content Security Policy (CSP) is an added layer of security that helps to detect and mitigate certain types of attacks, including Cross Site Scripting (XSS) and data injection attacks. These attacks are used for everything from data theft to site defacement or distribution of malware. CSP provides a set of standard HTTP headers that allow website owners to declare approved sources of content that browsers should be allowed to load on that page — covered types are JavaScript, CSS, HTML frames, fonts, images and embeddable objects such as Java applets, ActiveX, audio and video files.","Ensure that your web server, application server, load balancer, etc. is configured to set the Content-Security-Policy header."
Absence of Anti-CSRF Tokens,Medium,http://testphp.vulnweb.com/login.php,"No Anti-CSRF tokens were found in a HTML submission form.
A cross-site request forgery is an attack that involves forcing a victim to send an HTTP request to a target destination without their knowledge or intent in order to perform an action as the victim. The underlying cause is application functionality using predictable URL/form actions in a repeatable way. The nature of the attack is that CSRF exploits the trust that a web site has for a user. By contrast, cross-site scripting (XSS) exploits the trust that a user has for a web site. Like XSS, CSRF attacks are not necessarily cross-site, but they can be. Cross-site request forgery is also known as CSRF, XSRF, one-click attack, session riding, confused deputy, and sea surf.

CSRF attacks are effective in a number of situations, including:
    * The victim has an active session on the target site.
    * The victim is authenticated via HTTP auth on the target site.
    * The victim is on the same local network as the target site.

CSRF has primarily been used to perform an action against a target site using the victim's privileges, but recent techniques have been discovered to disclose information by gaining access to the response. The risk of information disclosure is dramatically increased when the target site is vulnerable to XSS, because XSS can be used as a platform for CSRF, allowing the attack to operate within the bounds of the same-origin policy.","Phase: Architecture and Design
Use a vetted library or framework that does not allow this weakness to occur or provides constructs that make this weakness easier to avoid.
For example, use anti-CSRF packages such as the OWASP CSRFGuard.

Phase: Implementation
Ensure that your application is free of cross-site scripting issues, because most CSRF defenses can be bypassed using attacker-controlled script.

Phase: Architecture and Design
Generate a unique nonce for each form, place the nonce into the form, and verify the nonce upon receipt of the form. Be sure that the nonce is not predictable (CWE-330).
Note that this can be bypassed using XSS.

Identify especially dangerous operations. When the user performs a dangerous operation, send a separate confirmation request to ensure that the user intended to perform that operation.
Note that this can be bypassed using XSS.

Use the ESAPI Session Management control.
This control includes a component for CSRF.

Do not use the GET method for any request that triggers a state change.

Phase: Implementation
Check the HTTP Referer header to see if the request originated from an expected page. This could break legitimate functionality, because users or proxies may have disabled sending the Referer for privacy reasons."
Absence of Anti-CSRF Tokens,Medium,http://testphp.vulnweb.com/login.php,"No Anti-CSRF tokens were found in a HTML submission form.
A cross-site request forgery is an attack that involves forcing a victim to send an HTTP request to a target destination without their knowledge or intent in order to perform an action as the victim. The underlying cause is application functionality using predictable URL/form actions in a repeatable way. The nature of the attack is that CSRF exploits the trust that a web site has for a user. By contrast, cross-site scripting (XSS) exploits the trust that a user has for a web site. Like XSS, CSRF attacks are not necessarily cross-site, but they can be. Cross-site request forgery is also known as CSRF, XSRF, one-click attack, session riding, confused deputy, and sea surf.

CSRF attacks are effective in a number of situations, including:
    * The victim has an active session on the target site.
    * The victim is authenticated via HTTP auth on the target site.
    * The victim is on the same local network as the target site.

CSRF has primarily been used to perform an action against a target site using the victim's privileges, but recent techniques have been discovered to disclose information by gaining access to the response. The risk of information disclosure is dramatically increased when the target site is vulnerable to XSS, because XSS can be used as a platform for CSRF, allowing the attack to operate within the bounds of the same-origin policy.","Phase: Architecture and Design
Use a vetted library or framework that does not allow this weakness to occur or provides constructs that make this weakness easier to avoid.
For example, use anti-CSRF packages such as the OWASP CSRFGuard.

Phase: Implementation
Ensure that your application is free of cross-site scripting issues, because most CSRF defenses can be bypassed using attacker-controlled script.

Phase: Architecture and Design
Generate a unique nonce for each form, place the nonce into the form, and verify the nonce upon receipt of the form. Be sure that the nonce is not predictable (CWE-330).
Note that this can be bypassed using XSS.

Identify especially dangerous operations. When the user performs a dangerous operation, send a separate confirmation request to ensure that the user intended to perform that operation.
Note that this can be bypassed using XSS.

Use the ESAPI Session Management control.
This control includes a component for CSRF.

Do not use the GET method for any request that triggers a state change.

Phase: Implementation
Check the HTTP Referer header to see if the request originated from an expected page. This could break legitimate functionality, because users or proxies may have disabled sending the Referer for privacy reasons."
Absence of Anti-CSRF Tokens,Medium,http://testphp.vulnweb.com/guestbook.php,"No Anti-CSRF tokens were found in a HTML submission form.
A cross-site request forgery is an attack that involves forcing a victim to send an HTTP request to a target destination without their knowledge or intent in order to perform an action as the victim. The underlying cause is application functionality using predictable URL/form actions in a repeatable way. The nature of the attack is that CSRF exploits the trust that a web site has for a user. By contrast, cross-site scripting (XSS) exploits the trust that a user has for a web site. Like XSS, CSRF attacks are not necessarily cross-site, but they can be. Cross-site request forgery is also known as CSRF, XSRF, one-click attack, session riding, confused deputy, and sea surf.

CSRF attacks are effective in a number of situations, including:
    * The victim has an active session on the target site.
    * The victim is authenticated via HTTP auth on the target site.
    * The victim is on the same local network as the target site.

CSRF has primarily been used to perform an action against a target site using the victim's privileges, but recent techniques have been discovered to disclose information by gaining access to the response. The risk of information disclosure is dramatically increased when the target site is vulnerable to XSS, because XSS can be used as a platform for CSRF, allowing the attack to operate within the bounds of the same-origin policy.","Phase: Architecture and Design
Use a vetted library or framework that does not allow this weakness to occur or provides constructs that make this weakness easier to avoid.
For example, use anti-CSRF packages such as the OWASP CSRFGuard.

Phase: Implementation
Ensure that your application is free of cross-site scripting issues, because most CSRF defenses can be bypassed using attacker-controlled script.

Phase: Architecture and Design
Generate a unique nonce for each form, place the nonce into the form, and verify the nonce upon receipt of the form. Be sure that the nonce is not predictable (CWE-330).
Note that this can be bypassed using XSS.

Identify especially dangerous operations. When the user performs a dangerous operation, send a separate confirmation request to ensure that the user intended to perform that operation.
Note that this can be bypassed using XSS.

Use the ESAPI Session Management control.
This control includes a component for CSRF.

Do not use the GET method for any request that triggers a state change.

Phase: Implementation
Check the HTTP Referer header to see if the request originated from an expected page. This could break legitimate functionality, because users or proxies may have disabled sending the Referer for privacy reasons."
Content Security Policy (CSP) Header Not Set,Medium,http://testphp.vulnweb.com/Mod_Rewrite_Shop/,"Content Security Policy (CSP) is an added layer of security that helps to detect and mitigate certain types of attacks, including Cross Site Scripting (XSS) and data injection attacks. These attacks are used for everything from data theft to site defacement or distribution of malware. CSP provides a set of standard HTTP headers that allow website owners to declare approved sources of content that browsers should be allowed to load on that page — covered types are JavaScript, CSS, HTML frames, fonts, images and embeddable objects such as Java applets, ActiveX, audio and video files.","Ensure that your web server, application server, load balancer, etc. is configured to set the Content-Security-Policy header."
Content Security Policy (CSP) Header Not Set,Medium,http://testphp.vulnweb.com/privacy.php,"Content Security Policy (CSP) is an added layer of security that helps to detect and mitigate certain types of attacks, including Cross Site Scripting (XSS) and data injection attacks. These attacks are used for everything from data theft to site defacement or distribution of malware. CSP provides a set of standard HTTP headers that allow website owners to declare approved sources of content that browsers should be allowed to load on that page — covered types are JavaScript, CSS, HTML frames, fonts, images and embeddable objects such as Java applets, ActiveX, audio and video files.","Ensure that your web server, application server, load balancer, etc. is configured to set the Content-Security-Policy header."
Absence of Anti-CSRF Tokens,Medium,http://testphp.vulnweb.com/guestbook.php,"No Anti-CSRF tokens were found in a HTML submission form.
A cross-site request forgery is an attack that involves forcing a victim to send an HTTP request to a target destination without their knowledge or intent in order to perform an action as the victim. The underlying cause is application functionality using predictable URL/form actions in a repeatable way. The nature of the attack is that CSRF exploits the trust that a web site has for a user. By contrast, cross-site scripting (XSS) exploits the trust that a user has for a web site. Like XSS, CSRF attacks are not necessarily cross-site, but they can be. Cross-site request forgery is also known as CSRF, XSRF, one-click attack, session riding, confused deputy, and sea surf.

CSRF attacks are effective in a number of situations, including:
    * The victim has an active session on the target site.
    * The victim is authenticated via HTTP auth on the target site.
    * The victim is on the same local network as the target site.

CSRF has primarily been used to perform an action against a target site using the victim's privileges, but recent techniques have been discovered to disclose information by gaining access to the response. The risk of information disclosure is dramatically increased when the target site is vulnerable to XSS, because XSS can be used as a platform for CSRF, allowing the attack to operate within the bounds of the same-origin policy.","Phase: Architecture and Design
Use a vetted library or framework that does not allow this weakness to occur or provides constructs that make this weakness easier to avoid.
For example, use anti-CSRF packages such as the OWASP CSRFGuard.

Phase: Implementation
Ensure that your application is free of cross-site scripting issues, because most CSRF defenses can be bypassed using attacker-controlled script.

Phase: Architecture and Design
Generate a unique nonce for each form, place the nonce into the form, and verify the nonce upon receipt of the form. Be sure that the nonce is not predictable (CWE-330).
Note that this can be bypassed using XSS.

Identify especially dangerous operations. When the user performs a dangerous operation, send a separate confirmation request to ensure that the user intended to perform that operation.
Note that this can be bypassed using XSS.

Use the ESAPI Session Management control.
This control includes a component for CSRF.

Do not use the GET method for any request that triggers a state change.

Phase: Implementation
Check the HTTP Referer header to see if the request originated from an expected page. This could break legitimate functionality, because users or proxies may have disabled sending the Referer for privacy reasons."
"Server Leaks Version Information via ""Server"" HTTP Response Header Field",Low,http://testphp.vulnweb.com/Mod_Rewrite_Shop/,"The web/application server is leaking version information via the ""Server"" HTTP response header. Access to such information may facilitate attackers identifying other vulnerabilities your web/application server is subject to.","Ensure that your web server, application server, load balancer, etc. is configured to suppress the ""Server"" header or provide generic details."
"Server Leaks Version Information via ""Server"" HTTP Response Header Field",Low,http://testphp.vulnweb.com/privacy.php,"The web/application server is leaking version information via the ""Server"" HTTP response header. Access to such information may facilitate attackers identifying other vulnerabilities your web/application server is subject to.","Ensure that your web server, application server, load balancer, etc. is configured to suppress the ""Server"" header or provide generic details."
"Server Leaks Version Information via ""Server"" HTTP Response Header Field",Low,http://testphp.vulnweb.com/login.php,"The web/application server is leaking version information via the ""Server"" HTTP response header. Access to such information may facilitate attackers identifying other vulnerabilities your web/application server is subject to.","Ensure that your web server, application server, load balancer, etc. is configured to suppress the ""Server"" header or provide generic details."
X-Content-Type-Options Header Missing,Low,http://testphp.vulnweb.com/Mod_Rewrite_Shop/,"The Anti-MIME-Sniffing header X-Content-Type-Options was not set to 'nosniff'. This allows older versions of Internet Explorer and Chrome to perform MIME-sniffing on the response body, potentially causing the response body to be interpreted and displayed as a content type other than the declared content type. Current (early 2014) and legacy versions of Firefox will use the declared content type (if one is set), rather than performing MIME-sniffing.","Ensure that the application/web server sets the Content-Type header appropriately, and that it sets the X-Content-Type-Options header to 'nosniff' for all web pages.
If possible, ensure that the end user uses a standards-compliant and modern web browser that does not perform MIME-sniffing at all, or that can be directed by the web application/web server to not perform MIME-sniffing."
"Server Leaks Information via ""X-Powered-By"" HTTP Response Header Field(s)",Low,http://testphp.vulnweb.com/privacy.php,"The web/application server is leaking information via one or more ""X-Powered-By"" HTTP response headers. Access to such information may facilitate attackers identifying other frameworks/components your web application is reliant upon and the vulnerabilities such components may be subject to.","Ensure that your web server, application server, load balancer, etc. is configured to suppress ""X-Powered-By"" headers."
"Server Leaks Information via ""X-Powered-By"" HTTP Response Header Field(s)",Low,http://testphp.vulnweb.com/Mod_Rewrite_Shop/,"The web/application server is leaking information via one or more ""X-Powered-By"" HTTP response headers. Access to such information may facilitate attackers identifying other frameworks/components your web application is reliant upon and the vulnerabilities such components may be subject to.","Ensure that your web server, application server, load balancer, etc. is configured to suppress ""X-Powered-By"" headers."
X-Content-Type-Options Header Missing,Low,http://testphp.vulnweb.com/login.php,"The Anti-MIME-Sniffing header X-Content-Type-Options was not set to 'nosniff'. This allows older versions of Internet Explorer and Chrome to perform MIME-sniffing on the response body, potentially causing the response body to be interpreted and displayed as a content type other than the declared content type. Current (early 2014) and legacy versions of Firefox will use the declared content type (if one is set), rather than performing MIME-sniffing.","Ensure that the application/web server sets the Content-Type header appropriately, and that it sets the X-Content-Type-Options header to 'nosniff' for all web pages.
If possible, ensure that the end user uses a standards-compliant and modern web browser that does not perform MIME-sniffing at all, or that can be directed by the web application/web server to not perform MIME-sniffing."
Missing Anti-clickjacking Header,Medium,http://testphp.vulnweb.com/hpp/,The response does not protect against 'ClickJacking' attacks. It should include either Content-Security-Policy with 'frame-ancestors' directive or X-Frame-Options.,"Modern Web browsers support the Content-Security-Policy and X-Frame-Options HTTP headers. Ensure one of them is set on all web pages returned by your site/app.
If you expect the page to be framed only by pages on your server (e.g. it's part of a FRAMESET) then you'll want to use SAMEORIGIN, otherwise if you never expect the page to be framed, you should use DENY. Alternatively consider implementing Content Security Policy's ""frame-ancestors"" directive."
"Server Leaks Information via ""X-Powered-By"" HTTP Response Header Field(s)",Low,http://testphp.vulnweb.com/login.php,"The web/application server is leaking information via one or more ""X-Powered-By"" HTTP response headers. Access to such information may facilitate attackers identifying other frameworks/components your web application is reliant upon and the vulnerabilities such components may be subject to.","Ensure that your web server, application server, load balancer, etc. is configured to suppress ""X-Powered-By"" headers."
"Server Leaks Version Information via ""Server"" HTTP Response Header Field",Low,http://testphp.vulnweb.com/guestbook.php,"The web/application server is leaking version information via the ""Server"" HTTP response header. Access to such information may facilitate attackers identifying other vulnerabilities your web/application server is subject to.","Ensure that your web server, application server, load balancer, etc. is configured to suppress the ""Server"" header or provide generic details."
Content Security Policy (CSP) Header Not Set,Medium,http://testphp.vulnweb.com/hpp/,"Content Security Policy (CSP) is an added layer of security that helps to detect and mitigate certain types of attacks, including Cross Site Scripting (XSS) and data injection attacks. These attacks are used for everything from data theft to site defacement or distribution of malware. CSP provides a set of standard HTTP headers that allow website owners to declare approved sources of content that browsers should be allowed to load on that page — covered types are JavaScript, CSS, HTML frames, fonts, images and embeddable objects such as Java applets, ActiveX, audio and video files.","Ensure that your web server, application server, load balancer, etc. is configured to set the Content-Security-Policy header."
"Server Leaks Version Information via ""Server"" HTTP Response Header Field",Low,http://testphp.vulnweb.com/style.css,"The web/application server is leaking version information via the ""Server"" HTTP response header. Access to such information may facilitate attackers identifying other vulnerabilities your web/application server is subject to.","Ensure that your web server, application server, load balancer, etc. is configured to suppress the ""Server"" header or provide generic details."
"Server Leaks Version Information via ""Server"" HTTP Response Header Field",Low,http://testphp.vulnweb.com/hpp/,"The web/application server is leaking version information via the ""Server"" HTTP response header. Access to such information may facilitate attackers identifying other vulnerabilities your web/application server is subject to.","Ensure that your web server, application server, load balancer, etc. is configured to suppress the ""Server"" header or provide generic details."
X-Content-Type-Options Header Missing,Low,http://testphp.vulnweb.com/style.css,"The Anti-MIME-Sniffing header X-Content-Type-Options was not set to 'nosniff'. This allows older versions of Internet Explorer and Chrome to perform MIME-sniffing on the response body, potentially causing the response body to be interpreted and displayed as a content type other than the declared content type. Current (early 2014) and legacy versions of Firefox will use the declared content type (if one is set), rather than performing MIME-sniffing.","Ensure that the application/web server sets the Content-Type header appropriately, and that it sets the X-Content-Type-Options header to 'nosniff' for all web pages.
If possible, ensure that the end user uses a standards-compliant and modern web browser that does not perform MIME-sniffing at all, or that can be directed by the web application/web server to not perform MIME-sniffing."
X-Content-Type-Options Header Missing,Low,http://testphp.vulnweb.com/hpp/,"The Anti-MIME-Sniffing header X-Content-Type-Options was not set to 'nosniff'. This allows older versions of Internet Explorer and Chrome to perform MIME-sniffing on the response body, potentially causing the response body to be interpreted and displayed as a content type other than the declared content type. Current (early 2014) and legacy versions of Firefox will use the declared content type (if one is set), rather than performing MIME-sniffing.","Ensure that the application/web server sets the Content-Type header appropriately, and that it sets the X-Content-Type-Options header to 'nosniff' for all web pages.
If possible, ensure that the end user uses a standards-compliant and modern web browser that does not perform MIME-sniffing at all, or that can be directed by the web application/web server to not perform MIME-sniffing."
X-Content-Type-Options Header Missing,Low,http://testphp.vulnweb.com/guestbook.php,"The Anti-MIME-Sniffing header X-Content-Type-Options was not set to 'nosniff'. This allows older versions of Internet Explorer and Chrome to perform MIME-sniffing on the response body, potentially causing the response body to be interpreted and displayed as a content type other than the declared content type. Current (early 2014) and legacy versions of Firefox will use the declared content type (if one is set), rather than performing MIME-sniffing.","Ensure that the application/web server sets the Content-Type header appropriately, and that it sets the X-Content-Type-Options header to 'nosniff' for all web pages.
If possible, ensure that the end user uses a standards-compliant and modern web browser that does not perform MIME-sniffing at all, or that can be directed by the web application/web server to not perform MIME-sniffing."
"Server Leaks Information via ""X-Powered-By"" HTTP Response Header Field(s)",Low,http://testphp.vulnweb.com/hpp/,"The web/application server is leaking information via one or more ""X-Powered-By"" HTTP response headers. Access to such information may facilitate attackers identifying other frameworks/components your web application is reliant upon and the vulnerabilities such components may be subject to.","Ensure that your web server, application server, load balancer, etc. is configured to suppress ""X-Powered-By"" headers."
"Server Leaks Information via ""X-Powered-By"" HTTP Response Header Field(s)",Low,http://testphp.vulnweb.com/guestbook.php,"The web/application server is leaking information via one or more ""X-Powered-By"" HTTP response headers. Access to such information may facilitate attackers identifying other frameworks/components your web application is reliant upon and the vulnerabilities such components may be subject to.","Ensure that your web server, application server, load balancer, etc. is configured to suppress ""X-Powered-By"" headers."
Content Security Policy (CSP) Header Not Set,Medium,http://testphp.vulnweb.com/high,"Content Security Policy (CSP) is an added layer of security that helps to detect and mitigate certain types of attacks, including Cross Site Scripting (XSS) and data injection attacks. These attacks are used for everything from data theft to site defacement or distribution of malware. CSP provides a set of standard HTTP headers that allow website owners to declare approved sources of content that browsers should be allowed to load on that page — covered types are JavaScript, CSS, HTML frames, fonts, images and embeddable objects such as Java applets, ActiveX, audio and video files.","Ensure that your web server, application server, load balancer, etc. is configured to set the Content-Security-Policy header."
"Server Leaks Version Information via ""Server"" HTTP Response Header Field",Low,http://testphp.vulnweb.com/images/logo.gif,"The web/application server is leaking version information via the ""Server"" HTTP response header. Access to such information may facilitate attackers identifying other vulnerabilities your web/application server is subject to.","Ensure that your web server, application server, load balancer, etc. is configured to suppress the ""Server"" header or provide generic details."
"Server Leaks Version Information via ""Server"" HTTP Response Header Field",Low,http://testphp.vulnweb.com/Flash/add.swf,"The web/application server is leaking version information via the ""Server"" HTTP response header. Access to such information may facilitate attackers identifying other vulnerabilities your web/application server is subject to.","Ensure that your web server, application server, load balancer, etc. is configured to suppress the ""Server"" header or provide generic details."
X-Content-Type-Options Header Missing,Low,http://testphp.vulnweb.com/images/logo.gif,"The Anti-MIME-Sniffing header X-Content-Type-Options was not set to 'nosniff'. This allows older versions of Internet Explorer and Chrome to perform MIME-sniffing on the response body, potentially causing the response body to be interpreted and displayed as a content type other than the declared content type. Current (early 2014) and legacy versions of Firefox will use the declared content type (if one is set), rather than performing MIME-sniffing.","Ensure that the application/web server sets the Content-Type header appropriately, and that it sets the X-Content-Type-Options header to 'nosniff' for all web pages.
If possible, ensure that the end user uses a standards-compliant and modern web browser that does not perform MIME-sniffing at all, or that can be directed by the web application/web server to not perform MIME-sniffing."
Missing Anti-clickjacking Header,Medium,http://testphp.vulnweb.com/listproducts.php?cat=4,The response does not protect against 'ClickJacking' attacks. It should include either Content-Security-Policy with 'frame-ancestors' directive or X-Frame-Options.,"Modern Web browsers support the Content-Security-Policy and X-Frame-Options HTTP headers. Ensure one of them is set on all web pages returned by your site/app.
If you expect the page to be framed only by pages on your server (e.g. it's part of a FRAMESET) then you'll want to use SAMEORIGIN, otherwise if you never expect the page to be framed, you should use DENY. Alternatively consider implementing Content Security Policy's ""frame-ancestors"" directive."
"Server Leaks Version Information via ""Server"" HTTP Response Header Field",Low,http://testphp.vulnweb.com/high,"The web/application server is leaking version information via the ""Server"" HTTP response header. Access to such information may facilitate attackers identifying other vulnerabilities your web/application server is subject to.","Ensure that your web server, application server, load balancer, etc. is configured to suppress the ""Server"" header or provide generic details."
Missing Anti-clickjacking Header,Medium,http://testphp.vulnweb.com/listproducts.php?cat=1,The response does not protect against 'ClickJacking' attacks. It should include either Content-Security-Policy with 'frame-ancestors' directive or X-Frame-Options.,"Modern Web browsers support the Content-Security-Policy and X-Frame-Options HTTP headers. Ensure one of them is set on all web pages returned by your site/app.
If you expect the page to be framed only by pages on your server (e.g. it's part of a FRAMESET) then you'll want to use SAMEORIGIN, otherwise if you never expect the page to be framed, you should use DENY. Alternatively consider implementing Content Security Policy's ""frame-ancestors"" directive."
X-Content-Type-Options Header Missing,Low,http://testphp.vulnweb.com/Flash/add.swf,"The Anti-MIME-Sniffing header X-Content-Type-Options was not set to 'nosniff'. This allows older versions of Internet Explorer and Chrome to perform MIME-sniffing on the response body, potentially causing the response body to be interpreted and displayed as a content type other than the declared content type. Current (early 2014) and legacy versions of Firefox will use the declared content type (if one is set), rather than performing MIME-sniffing.","Ensure that the application/web server sets the Content-Type header appropriately, and that it sets the X-Content-Type-Options header to 'nosniff' for all web pages.
If possible, ensure that the end user uses a standards-compliant and modern web browser that does not perform MIME-sniffing at all, or that can be directed by the web application/web server to not perform MIME-sniffing."
Missing Anti-clickjacking Header,Medium,http://testphp.vulnweb.com/search.php?test=query,The response does not protect against 'ClickJacking' attacks. It should include either Content-Security-Policy with 'frame-ancestors' directive or X-Frame-Options.,"Modern Web browsers support the Content-Security-Policy and X-Frame-Options HTTP headers. Ensure one of them is set on all web pages returned by your site/app.
If you expect the page to be framed only by pages on your server (e.g. it's part of a FRAMESET) then you'll want to use SAMEORIGIN, otherwise if you never expect the page to be framed, you should use DENY. Alternatively consider implementing Content Security Policy's ""frame-ancestors"" directive."
Charset Mismatch (Header Versus Meta Content-Type Charset),Informational,http://testphp.vulnweb.com/listproducts.php?cat=1,"This check identifies responses where the HTTP Content-Type header declares a charset different from the charset defined by the body of the HTML or XML. When there's a charset mismatch between the HTTP header and content body Web browsers can be forced into an undesirable content-sniffing mode to determine the content's correct character set.

An attacker could manipulate content on the page to be interpreted in an encoding of their choice. For example, if an attacker can control content at the beginning of the page, they could inject script using UTF-7 encoded text and manipulate some browsers into interpreting that text.",Force UTF-8 for all text content in both the HTTP header and meta tags in HTML or encoding declarations in XML.
Charset Mismatch (Header Versus Meta Content-Type Charset),Informational,http://testphp.vulnweb.com/listproducts.php?cat=4,"This check identifies responses where the HTTP Content-Type header declares a charset different from the charset defined by the body of the HTML or XML. When there's a charset mismatch between the HTTP header and content body Web browsers can be forced into an undesirable content-sniffing mode to determine the content's correct character set.

An attacker could manipulate content on the page to be interpreted in an encoding of their choice. For example, if an attacker can control content at the beginning of the page, they could inject script using UTF-7 encoded text and manipulate some browsers into interpreting that text.",Force UTF-8 for all text content in both the HTTP header and meta tags in HTML or encoding declarations in XML.
Charset Mismatch (Header Versus Meta Content-Type Charset),Informational,http://testphp.vulnweb.com/search.php?test=query,"This check identifies responses where the HTTP Content-Type header declares a charset different from the charset defined by the body of the HTML or XML. When there's a charset mismatch between the HTTP header and content body Web browsers can be forced into an undesirable content-sniffing mode to determine the content's correct character set.

An attacker could manipulate content on the page to be interpreted in an encoding of their choice. For example, if an attacker can control content at the beginning of the page, they could inject script using UTF-7 encoded text and manipulate some browsers into interpreting that text.",Force UTF-8 for all text content in both the HTTP header and meta tags in HTML or encoding declarations in XML.
Content Security Policy (CSP) Header Not Set,Medium,http://testphp.vulnweb.com/listproducts.php?cat=4,"Content Security Policy (CSP) is an added layer of security that helps to detect and mitigate certain types of attacks, including Cross Site Scripting (XSS) and data injection attacks. These attacks are used for everything from data theft to site defacement or distribution of malware. CSP provides a set of standard HTTP headers that allow website owners to declare approved sources of content that browsers should be allowed to load on that page — covered types are JavaScript, CSS, HTML frames, fonts, images and embeddable objects such as Java applets, ActiveX, audio and video files.","Ensure that your web server, application server, load balancer, etc. is configured to set the Content-Security-Policy header."
Content Security Policy (CSP) Header Not Set,Medium,http://testphp.vulnweb.com/listproducts.php?cat=1,"Content Security Policy (CSP) is an added layer of security that helps to detect and mitigate certain types of attacks, including Cross Site Scripting (XSS) and data injection attacks. These attacks are used for everything from data theft to site defacement or distribution of malware. CSP provides a set of standard HTTP headers that allow website owners to declare approved sources of content that browsers should be allowed to load on that page — covered types are JavaScript, CSS, HTML frames, fonts, images and embeddable objects such as Java applets, ActiveX, audio and video files.","Ensure that your web server, application server, load balancer, etc. is configured to set the Content-Security-Policy header."
Content Security Policy (CSP) Header Not Set,Medium,http://testphp.vulnweb.com/search.php?test=query,"Content Security Policy (CSP) is an added layer of security that helps to detect and mitigate certain types of attacks, including Cross Site Scripting (XSS) and data injection attacks. These attacks are used for everything from data theft to site defacement or distribution of malware. CSP provides a set of standard HTTP headers that allow website owners to declare approved sources of content that browsers should be allowed to load on that page — covered types are JavaScript, CSS, HTML frames, fonts, images and embeddable objects such as Java applets, ActiveX, audio and video files.","Ensure that your web server, application server, load balancer, etc. is configured to set the Content-Security-Policy header."
"Server Leaks Version Information via ""Server"" HTTP Response Header Field",Low,http://testphp.vulnweb.com/AJAX/styles.css,"The web/application server is leaking version information via the ""Server"" HTTP response header. Access to such information may facilitate attackers identifying other vulnerabilities your web/application server is subject to.","Ensure that your web server, application server, load balancer, etc. is configured to suppress the ""Server"" header or provide generic details."
Absence of Anti-CSRF Tokens,Medium,http://testphp.vulnweb.com/listproducts.php?cat=4,"No Anti-CSRF tokens were found in a HTML submission form.
A cross-site request forgery is an attack that involves forcing a victim to send an HTTP request to a target destination without their knowledge or intent in order to perform an action as the victim. The underlying cause is application functionality using predictable URL/form actions in a repeatable way. The nature of the attack is that CSRF exploits the trust that a web site has for a user. By contrast, cross-site scripting (XSS) exploits the trust that a user has for a web site. Like XSS, CSRF attacks are not necessarily cross-site, but they can be. Cross-site request forgery is also known as CSRF, XSRF, one-click attack, session riding, confused deputy, and sea surf.

CSRF attacks are effective in a number of situations, including:
    * The victim has an active session on the target site.
    * The victim is authenticated via HTTP auth on the target site.
    * The victim is on the same local network as the target site.

CSRF has primarily been used to perform an action against a target site using the victim's privileges, but recent techniques have been discovered to disclose information by gaining access to the response. The risk of information disclosure is dramatically increased when the target site is vulnerable to XSS, because XSS can be used as a platform for CSRF, allowing the attack to operate within the bounds of the same-origin policy.","Phase: Architecture and Design
Use a vetted library or framework that does not allow this weakness to occur or provides constructs that make this weakness easier to avoid.
For example, use anti-CSRF packages such as the OWASP CSRFGuard.

Phase: Implementation
Ensure that your application is free of cross-site scripting issues, because most CSRF defenses can be bypassed using attacker-controlled script.

Phase: Architecture and Design
Generate a unique nonce for each form, place the nonce into the form, and verify the nonce upon receipt of the form. Be sure that the nonce is not predictable (CWE-330).
Note that this can be bypassed using XSS.

Identify especially dangerous operations. When the user performs a dangerous operation, send a separate confirmation request to ensure that the user intended to perform that operation.
Note that this can be bypassed using XSS.

Use the ESAPI Session Management control.
This control includes a component for CSRF.

Do not use the GET method for any request that triggers a state change.

Phase: Implementation
Check the HTTP Referer header to see if the request originated from an expected page. This could break legitimate functionality, because users or proxies may have disabled sending the Referer for privacy reasons."
X-Content-Type-Options Header Missing,Low,http://testphp.vulnweb.com/AJAX/styles.css,"The Anti-MIME-Sniffing header X-Content-Type-Options was not set to 'nosniff'. This allows older versions of Internet Explorer and Chrome to perform MIME-sniffing on the response body, potentially causing the response body to be interpreted and displayed as a content type other than the declared content type. Current (early 2014) and legacy versions of Firefox will use the declared content type (if one is set), rather than performing MIME-sniffing.","Ensure that the application/web server sets the Content-Type header appropriately, and that it sets the X-Content-Type-Options header to 'nosniff' for all web pages.
If possible, ensure that the end user uses a standards-compliant and modern web browser that does not perform MIME-sniffing at all, or that can be directed by the web application/web server to not perform MIME-sniffing."
Absence of Anti-CSRF Tokens,Medium,http://testphp.vulnweb.com/listproducts.php?cat=1,"No Anti-CSRF tokens were found in a HTML submission form.
A cross-site request forgery is an attack that involves forcing a victim to send an HTTP request to a target destination without their knowledge or intent in order to perform an action as the victim. The underlying cause is application functionality using predictable URL/form actions in a repeatable way. The nature of the attack is that CSRF exploits the trust that a web site has for a user. By contrast, cross-site scripting (XSS) exploits the trust that a user has for a web site. Like XSS, CSRF attacks are not necessarily cross-site, but they can be. Cross-site request forgery is also known as CSRF, XSRF, one-click attack, session riding, confused deputy, and sea surf.

CSRF attacks are effective in a number of situations, including:
    * The victim has an active session on the target site.
    * The victim is authenticated via HTTP auth on the target site.
    * The victim is on the same local network as the target site.

CSRF has primarily been used to perform an action against a target site using the victim's privileges, but recent techniques have been discovered to disclose information by gaining access to the response. The risk of information disclosure is dramatically increased when the target site is vulnerable to XSS, because XSS can be used as a platform for CSRF, allowing the attack to operate within the bounds of the same-origin policy.","Phase: Architecture and Design
Use a vetted library or framework that does not allow this weakness to occur or provides constructs that make this weakness easier to avoid.
For example, use anti-CSRF packages such as the OWASP CSRFGuard.

Phase: Implementation
Ensure that your application is free of cross-site scripting issues, because most CSRF defenses can be bypassed using attacker-controlled script.

Phase: Architecture and Design
Generate a unique nonce for each form, place the nonce into the form, and verify the nonce upon receipt of the form. Be sure that the nonce is not predictable (CWE-330).
Note that this can be bypassed using XSS.

Identify especially dangerous operations. When the user performs a dangerous operation, send a separate confirmation request to ensure that the user intended to perform that operation.
Note that this can be bypassed using XSS.

Use the ESAPI Session Management control.
This control includes a component for CSRF.

Do not use the GET method for any request that triggers a state change.

Phase: Implementation
Check the HTTP Referer header to see if the request originated from an expected page. This could break legitimate functionality, because users or proxies may have disabled sending the Referer for privacy reasons."
Absence of Anti-CSRF Tokens,Medium,http://testphp.vulnweb.com/search.php?test=query,"No Anti-CSRF tokens were found in a HTML submission form.
A cross-site request forgery is an attack that involves forcing a victim to send an HTTP request to a target destination without their knowledge or intent in order to perform an action as the victim. The underlying cause is application functionality using predictable URL/form actions in a repeatable way. The nature of the attack is that CSRF exploits the trust that a web site has for a user. By contrast, cross-site scripting (XSS) exploits the trust that a user has for a web site. Like XSS, CSRF attacks are not necessarily cross-site, but they can be. Cross-site request forgery is also known as CSRF, XSRF, one-click attack, session riding, confused deputy, and sea surf.

CSRF attacks are effective in a number of situations, including:
    * The victim has an active session on the target site.
    * The victim is authenticated via HTTP auth on the target site.
    * The victim is on the same local network as the target site.

CSRF has primarily been used to perform an action against a target site using the victim's privileges, but recent techniques have been discovered to disclose information by gaining access to the response. The risk of information disclosure is dramatically increased when the target site is vulnerable to XSS, because XSS can be used as a platform for CSRF, allowing the attack to operate within the bounds of the same-origin policy.","Phase: Architecture and Design
Use a vetted library or framework that does not allow this weakness to occur or provides constructs that make this weakness easier to avoid.
For example, use anti-CSRF packages such as the OWASP CSRFGuard.

Phase: Implementation
Ensure that your application is free of cross-site scripting issues, because most CSRF defenses can be bypassed using attacker-controlled script.

Phase: Architecture and Design
Generate a unique nonce for each form, place the nonce into the form, and verify the nonce upon receipt of the form. Be sure that the nonce is not predictable (CWE-330).
Note that this can be bypassed using XSS.

Identify especially dangerous operations. When the user performs a dangerous operation, send a separate confirmation request to ensure that the user intended to perform that operation.
Note that this can be bypassed using XSS.

Use the ESAPI Session Management control.
This control includes a component for CSRF.

Do not use the GET method for any request that triggers a state change.

Phase: Implementation
Check the HTTP Referer header to see if the request originated from an expected page. This could break legitimate functionality, because users or proxies may have disabled sending the Referer for privacy reasons."
"Server Leaks Version Information via ""Server"" HTTP Response Header Field",Low,http://testphp.vulnweb.com/listproducts.php?cat=4,"The web/application server is leaking version information via the ""Server"" HTTP response header. Access to such information may facilitate attackers identifying other vulnerabilities your web/application server is subject to.","Ensure that your web server, application server, load balancer, etc. is configured to suppress the ""Server"" header or provide generic details."
Modern Web Application,Informational,http://testphp.vulnweb.com/listproducts.php?cat=1,The application appears to be a modern web application. If you need to explore it automatically then the Ajax Spider may well be more effective than the standard one.,This is an informational alert and so no changes are required.
Missing Anti-clickjacking Header,Medium,http://testphp.vulnweb.com/artists.php?artist=1,The response does not protect against 'ClickJacking' attacks. It should include either Content-Security-Policy with 'frame-ancestors' directive or X-Frame-Options.,"Modern Web browsers support the Content-Security-Policy and X-Frame-Options HTTP headers. Ensure one of them is set on all web pages returned by your site/app.
If you expect the page to be framed only by pages on your server (e.g. it's part of a FRAMESET) then you'll want to use SAMEORIGIN, otherwise if you never expect the page to be framed, you should use DENY. Alternatively consider implementing Content Security Policy's ""frame-ancestors"" directive."
X-Content-Type-Options Header Missing,Low,http://testphp.vulnweb.com/listproducts.php?cat=4,"The Anti-MIME-Sniffing header X-Content-Type-Options was not set to 'nosniff'. This allows older versions of Internet Explorer and Chrome to perform MIME-sniffing on the response body, potentially causing the response body to be interpreted and displayed as a content type other than the declared content type. Current (early 2014) and legacy versions of Firefox will use the declared content type (if one is set), rather than performing MIME-sniffing.","Ensure that the application/web server sets the Content-Type header appropriately, and that it sets the X-Content-Type-Options header to 'nosniff' for all web pages.
If possible, ensure that the end user uses a standards-compliant and modern web browser that does not perform MIME-sniffing at all, or that can be directed by the web application/web server to not perform MIME-sniffing."
"Server Leaks Information via ""X-Powered-By"" HTTP Response Header Field(s)",Low,http://testphp.vulnweb.com/listproducts.php?cat=4,"The web/application server is leaking information via one or more ""X-Powered-By"" HTTP response headers. Access to such information may facilitate attackers identifying other frameworks/components your web application is reliant upon and the vulnerabilities such components may be subject to.","Ensure that your web server, application server, load balancer, etc. is configured to suppress ""X-Powered-By"" headers."
"Server Leaks Version Information via ""Server"" HTTP Response Header Field",Low,http://testphp.vulnweb.com/search.php?test=query,"The web/application server is leaking version information via the ""Server"" HTTP response header. Access to such information may facilitate attackers identifying other vulnerabilities your web/application server is subject to.","Ensure that your web server, application server, load balancer, etc. is configured to suppress the ""Server"" header or provide generic details."
"Server Leaks Version Information via ""Server"" HTTP Response Header Field",Low,http://testphp.vulnweb.com/listproducts.php?cat=1,"The web/application server is leaking version information via the ""Server"" HTTP response header. Access to such information may facilitate attackers identifying other vulnerabilities your web/application server is subject to.","Ensure that your web server, application server, load balancer, etc. is configured to suppress the ""Server"" header or provide generic details."
User Controllable HTML Element Attribute (Potential XSS),Informational,http://testphp.vulnweb.com/search.php?test=query,This check looks at user-supplied input in query string parameters and POST data to identify where certain HTML attribute values might be controlled. This provides hot-spot detection for XSS (cross-site scripting) that will require further review by a security analyst to determine exploitability.,Validate all input and sanitize output it before writing to any HTML attributes.
Charset Mismatch (Header Versus Meta Content-Type Charset),Informational,http://testphp.vulnweb.com/artists.php?artist=1,"This check identifies responses where the HTTP Content-Type header declares a charset different from the charset defined by the body of the HTML or XML. When there's a charset mismatch between the HTTP header and content body Web browsers can be forced into an undesirable content-sniffing mode to determine the content's correct character set.

An attacker could manipulate content on the page to be interpreted in an encoding of their choice. For example, if an attacker can control content at the beginning of the page, they could inject script using UTF-7 encoded text and manipulate some browsers into interpreting that text.",Force UTF-8 for all text content in both the HTTP header and meta tags in HTML or encoding declarations in XML.
Content Security Policy (CSP) Header Not Set,Medium,http://testphp.vulnweb.com/artists.php?artist=1,"Content Security Policy (CSP) is an added layer of security that helps to detect and mitigate certain types of attacks, including Cross Site Scripting (XSS) and data injection attacks. These attacks are used for everything from data theft to site defacement or distribution of malware. CSP provides a set of standard HTTP headers that allow website owners to declare approved sources of content that browsers should be allowed to load on that page — covered types are JavaScript, CSS, HTML frames, fonts, images and embeddable objects such as Java applets, ActiveX, audio and video files.","Ensure that your web server, application server, load balancer, etc. is configured to set the Content-Security-Policy header."
User Controllable HTML Element Attribute (Potential XSS),Informational,http://testphp.vulnweb.com/search.php?test=query,This check looks at user-supplied input in query string parameters and POST data to identify where certain HTML attribute values might be controlled. This provides hot-spot detection for XSS (cross-site scripting) that will require further review by a security analyst to determine exploitability.,Validate all input and sanitize output it before writing to any HTML attributes.
X-Content-Type-Options Header Missing,Low,http://testphp.vulnweb.com/search.php?test=query,"The Anti-MIME-Sniffing header X-Content-Type-Options was not set to 'nosniff'. This allows older versions of Internet Explorer and Chrome to perform MIME-sniffing on the response body, potentially causing the response body to be interpreted and displayed as a content type other than the declared content type. Current (early 2014) and legacy versions of Firefox will use the declared content type (if one is set), rather than performing MIME-sniffing.","Ensure that the application/web server sets the Content-Type header appropriately, and that it sets the X-Content-Type-Options header to 'nosniff' for all web pages.
If possible, ensure that the end user uses a standards-compliant and modern web browser that does not perform MIME-sniffing at all, or that can be directed by the web application/web server to not perform MIME-sniffing."
Absence of Anti-CSRF Tokens,Medium,http://testphp.vulnweb.com/artists.php?artist=1,"No Anti-CSRF tokens were found in a HTML submission form.
A cross-site request forgery is an attack that involves forcing a victim to send an HTTP request to a target destination without their knowledge or intent in order to perform an action as the victim. The underlying cause is application functionality using predictable URL/form actions in a repeatable way. The nature of the attack is that CSRF exploits the trust that a web site has for a user. By contrast, cross-site scripting (XSS) exploits the trust that a user has for a web site. Like XSS, CSRF attacks are not necessarily cross-site, but they can be. Cross-site request forgery is also known as CSRF, XSRF, one-click attack, session riding, confused deputy, and sea surf.

CSRF attacks are effective in a number of situations, including:
    * The victim has an active session on the target site.
    * The victim is authenticated via HTTP auth on the target site.
    * The victim is on the same local network as the target site.

CSRF has primarily been used to perform an action against a target site using the victim's privileges, but recent techniques have been discovered to disclose information by gaining access to the response. The risk of information disclosure is dramatically increased when the target site is vulnerable to XSS, because XSS can be used as a platform for CSRF, allowing the attack to operate within the bounds of the same-origin policy.","Phase: Architecture and Design
Use a vetted library or framework that does not allow this weakness to occur or provides constructs that make this weakness easier to avoid.
For example, use anti-CSRF packages such as the OWASP CSRFGuard.

Phase: Implementation
Ensure that your application is free of cross-site scripting issues, because most CSRF defenses can be bypassed using attacker-controlled script.

Phase: Architecture and Design
Generate a unique nonce for each form, place the nonce into the form, and verify the nonce upon receipt of the form. Be sure that the nonce is not predictable (CWE-330).
Note that this can be bypassed using XSS.

Identify especially dangerous operations. When the user performs a dangerous operation, send a separate confirmation request to ensure that the user intended to perform that operation.
Note that this can be bypassed using XSS.

Use the ESAPI Session Management control.
This control includes a component for CSRF.

Do not use the GET method for any request that triggers a state change.

Phase: Implementation
Check the HTTP Referer header to see if the request originated from an expected page. This could break legitimate functionality, because users or proxies may have disabled sending the Referer for privacy reasons."
X-Content-Type-Options Header Missing,Low,http://testphp.vulnweb.com/listproducts.php?cat=1,"The Anti-MIME-Sniffing header X-Content-Type-Options was not set to 'nosniff'. This allows older versions of Internet Explorer and Chrome to perform MIME-sniffing on the response body, potentially causing the response body to be interpreted and displayed as a content type other than the declared content type. Current (early 2014) and legacy versions of Firefox will use the declared content type (if one is set), rather than performing MIME-sniffing.","Ensure that the application/web server sets the Content-Type header appropriately, and that it sets the X-Content-Type-Options header to 'nosniff' for all web pages.
If possible, ensure that the end user uses a standards-compliant and modern web browser that does not perform MIME-sniffing at all, or that can be directed by the web application/web server to not perform MIME-sniffing."
"Server Leaks Information via ""X-Powered-By"" HTTP Response Header Field(s)",Low,http://testphp.vulnweb.com/listproducts.php?cat=1,"The web/application server is leaking information via one or more ""X-Powered-By"" HTTP response headers. Access to such information may facilitate attackers identifying other frameworks/components your web application is reliant upon and the vulnerabilities such components may be subject to.","Ensure that your web server, application server, load balancer, etc. is configured to suppress ""X-Powered-By"" headers."
"Server Leaks Information via ""X-Powered-By"" HTTP Response Header Field(s)",Low,http://testphp.vulnweb.com/search.php?test=query,"The web/application server is leaking information via one or more ""X-Powered-By"" HTTP response headers. Access to such information may facilitate attackers identifying other frameworks/components your web application is reliant upon and the vulnerabilities such components may be subject to.","Ensure that your web server, application server, load balancer, etc. is configured to suppress ""X-Powered-By"" headers."
Modern Web Application,Informational,http://testphp.vulnweb.com/artists.php?artist=1,The application appears to be a modern web application. If you need to explore it automatically then the Ajax Spider may well be more effective than the standard one.,This is an informational alert and so no changes are required.
Missing Anti-clickjacking Header,Medium,http://testphp.vulnweb.com/listproducts.php?cat=3,The response does not protect against 'ClickJacking' attacks. It should include either Content-Security-Policy with 'frame-ancestors' directive or X-Frame-Options.,"Modern Web browsers support the Content-Security-Policy and X-Frame-Options HTTP headers. Ensure one of them is set on all web pages returned by your site/app.
If you expect the page to be framed only by pages on your server (e.g. it's part of a FRAMESET) then you'll want to use SAMEORIGIN, otherwise if you never expect the page to be framed, you should use DENY. Alternatively consider implementing Content Security Policy's ""frame-ancestors"" directive."
"Server Leaks Version Information via ""Server"" HTTP Response Header Field",Low,http://testphp.vulnweb.com/artists.php?artist=1,"The web/application server is leaking version information via the ""Server"" HTTP response header. Access to such information may facilitate attackers identifying other vulnerabilities your web/application server is subject to.","Ensure that your web server, application server, load balancer, etc. is configured to suppress the ""Server"" header or provide generic details."
Missing Anti-clickjacking Header,Medium,http://testphp.vulnweb.com/listproducts.php?cat=2,The response does not protect against 'ClickJacking' attacks. It should include either Content-Security-Policy with 'frame-ancestors' directive or X-Frame-Options.,"Modern Web browsers support the Content-Security-Policy and X-Frame-Options HTTP headers. Ensure one of them is set on all web pages returned by your site/app.
If you expect the page to be framed only by pages on your server (e.g. it's part of a FRAMESET) then you'll want to use SAMEORIGIN, otherwise if you never expect the page to be framed, you should use DENY. Alternatively consider implementing Content Security Policy's ""frame-ancestors"" directive."
Missing Anti-clickjacking Header,Medium,http://testphp.vulnweb.com/artists.php?artist=2,The response does not protect against 'ClickJacking' attacks. It should include either Content-Security-Policy with 'frame-ancestors' directive or X-Frame-Options.,"Modern Web browsers support the Content-Security-Policy and X-Frame-Options HTTP headers. Ensure one of them is set on all web pages returned by your site/app.
If you expect the page to be framed only by pages on your server (e.g. it's part of a FRAMESET) then you'll want to use SAMEORIGIN, otherwise if you never expect the page to be framed, you should use DENY. Alternatively consider implementing Content Security Policy's ""frame-ancestors"" directive."
X-Content-Type-Options Header Missing,Low,http://testphp.vulnweb.com/artists.php?artist=1,"The Anti-MIME-Sniffing header X-Content-Type-Options was not set to 'nosniff'. This allows older versions of Internet Explorer and Chrome to perform MIME-sniffing on the response body, potentially causing the response body to be interpreted and displayed as a content type other than the declared content type. Current (early 2014) and legacy versions of Firefox will use the declared content type (if one is set), rather than performing MIME-sniffing.","Ensure that the application/web server sets the Content-Type header appropriately, and that it sets the X-Content-Type-Options header to 'nosniff' for all web pages.
If possible, ensure that the end user uses a standards-compliant and modern web browser that does not perform MIME-sniffing at all, or that can be directed by the web application/web server to not perform MIME-sniffing."
Charset Mismatch (Header Versus Meta Content-Type Charset),Informational,http://testphp.vulnweb.com/listproducts.php?cat=3,"This check identifies responses where the HTTP Content-Type header declares a charset different from the charset defined by the body of the HTML or XML. When there's a charset mismatch between the HTTP header and content body Web browsers can be forced into an undesirable content-sniffing mode to determine the content's correct character set.

An attacker could manipulate content on the page to be interpreted in an encoding of their choice. For example, if an attacker can control content at the beginning of the page, they could inject script using UTF-7 encoded text and manipulate some browsers into interpreting that text.",Force UTF-8 for all text content in both the HTTP header and meta tags in HTML or encoding declarations in XML.
"Server Leaks Information via ""X-Powered-By"" HTTP Response Header Field(s)",Low,http://testphp.vulnweb.com/artists.php?artist=1,"The web/application server is leaking information via one or more ""X-Powered-By"" HTTP response headers. Access to such information may facilitate attackers identifying other frameworks/components your web application is reliant upon and the vulnerabilities such components may be subject to.","Ensure that your web server, application server, load balancer, etc. is configured to suppress ""X-Powered-By"" headers."
Content Security Policy (CSP) Header Not Set,Medium,http://testphp.vulnweb.com/listproducts.php?cat=3,"Content Security Policy (CSP) is an added layer of security that helps to detect and mitigate certain types of attacks, including Cross Site Scripting (XSS) and data injection attacks. These attacks are used for everything from data theft to site defacement or distribution of malware. CSP provides a set of standard HTTP headers that allow website owners to declare approved sources of content that browsers should be allowed to load on that page — covered types are JavaScript, CSS, HTML frames, fonts, images and embeddable objects such as Java applets, ActiveX, audio and video files.","Ensure that your web server, application server, load balancer, etc. is configured to set the Content-Security-Policy header."
Charset Mismatch (Header Versus Meta Content-Type Charset),Informational,http://testphp.vulnweb.com/listproducts.php?cat=2,"This check identifies responses where the HTTP Content-Type header declares a charset different from the charset defined by the body of the HTML or XML. When there's a charset mismatch between the HTTP header and content body Web browsers can be forced into an undesirable content-sniffing mode to determine the content's correct character set.

An attacker could manipulate content on the page to be interpreted in an encoding of their choice. For example, if an attacker can control content at the beginning of the page, they could inject script using UTF-7 encoded text and manipulate some browsers into interpreting that text.",Force UTF-8 for all text content in both the HTTP header and meta tags in HTML or encoding declarations in XML.
Content Security Policy (CSP) Header Not Set,Medium,http://testphp.vulnweb.com/listproducts.php?cat=2,"Content Security Policy (CSP) is an added layer of security that helps to detect and mitigate certain types of attacks, including Cross Site Scripting (XSS) and data injection attacks. These attacks are used for everything from data theft to site defacement or distribution of malware. CSP provides a set of standard HTTP headers that allow website owners to declare approved sources of content that browsers should be allowed to load on that page — covered types are JavaScript, CSS, HTML frames, fonts, images and embeddable objects such as Java applets, ActiveX, audio and video files.","Ensure that your web server, application server, load balancer, etc. is configured to set the Content-Security-Policy header."
Absence of Anti-CSRF Tokens,Medium,http://testphp.vulnweb.com/listproducts.php?cat=3,"No Anti-CSRF tokens were found in a HTML submission form.
A cross-site request forgery is an attack that involves forcing a victim to send an HTTP request to a target destination without their knowledge or intent in order to perform an action as the victim. The underlying cause is application functionality using predictable URL/form actions in a repeatable way. The nature of the attack is that CSRF exploits the trust that a web site has for a user. By contrast, cross-site scripting (XSS) exploits the trust that a user has for a web site. Like XSS, CSRF attacks are not necessarily cross-site, but they can be. Cross-site request forgery is also known as CSRF, XSRF, one-click attack, session riding, confused deputy, and sea surf.

CSRF attacks are effective in a number of situations, including:
    * The victim has an active session on the target site.
    * The victim is authenticated via HTTP auth on the target site.
    * The victim is on the same local network as the target site.

CSRF has primarily been used to perform an action against a target site using the victim's privileges, but recent techniques have been discovered to disclose information by gaining access to the response. The risk of information disclosure is dramatically increased when the target site is vulnerable to XSS, because XSS can be used as a platform for CSRF, allowing the attack to operate within the bounds of the same-origin policy.","Phase: Architecture and Design
Use a vetted library or framework that does not allow this weakness to occur or provides constructs that make this weakness easier to avoid.
For example, use anti-CSRF packages such as the OWASP CSRFGuard.

Phase: Implementation
Ensure that your application is free of cross-site scripting issues, because most CSRF defenses can be bypassed using attacker-controlled script.

Phase: Architecture and Design
Generate a unique nonce for each form, place the nonce into the form, and verify the nonce upon receipt of the form. Be sure that the nonce is not predictable (CWE-330).
Note that this can be bypassed using XSS.

Identify especially dangerous operations. When the user performs a dangerous operation, send a separate confirmation request to ensure that the user intended to perform that operation.
Note that this can be bypassed using XSS.

Use the ESAPI Session Management control.
This control includes a component for CSRF.

Do not use the GET method for any request that triggers a state change.

Phase: Implementation
Check the HTTP Referer header to see if the request originated from an expected page. This could break legitimate functionality, because users or proxies may have disabled sending the Referer for privacy reasons."
Charset Mismatch (Header Versus Meta Content-Type Charset),Informational,http://testphp.vulnweb.com/artists.php?artist=2,"This check identifies responses where the HTTP Content-Type header declares a charset different from the charset defined by the body of the HTML or XML. When there's a charset mismatch between the HTTP header and content body Web browsers can be forced into an undesirable content-sniffing mode to determine the content's correct character set.

An attacker could manipulate content on the page to be interpreted in an encoding of their choice. For example, if an attacker can control content at the beginning of the page, they could inject script using UTF-7 encoded text and manipulate some browsers into interpreting that text.",Force UTF-8 for all text content in both the HTTP header and meta tags in HTML or encoding declarations in XML.
Absence of Anti-CSRF Tokens,Medium,http://testphp.vulnweb.com/listproducts.php?cat=2,"No Anti-CSRF tokens were found in a HTML submission form.
A cross-site request forgery is an attack that involves forcing a victim to send an HTTP request to a target destination without their knowledge or intent in order to perform an action as the victim. The underlying cause is application functionality using predictable URL/form actions in a repeatable way. The nature of the attack is that CSRF exploits the trust that a web site has for a user. By contrast, cross-site scripting (XSS) exploits the trust that a user has for a web site. Like XSS, CSRF attacks are not necessarily cross-site, but they can be. Cross-site request forgery is also known as CSRF, XSRF, one-click attack, session riding, confused deputy, and sea surf.

CSRF attacks are effective in a number of situations, including:
    * The victim has an active session on the target site.
    * The victim is authenticated via HTTP auth on the target site.
    * The victim is on the same local network as the target site.

CSRF has primarily been used to perform an action against a target site using the victim's privileges, but recent techniques have been discovered to disclose information by gaining access to the response. The risk of information disclosure is dramatically increased when the target site is vulnerable to XSS, because XSS can be used as a platform for CSRF, allowing the attack to operate within the bounds of the same-origin policy.","Phase: Architecture and Design
Use a vetted library or framework that does not allow this weakness to occur or provides constructs that make this weakness easier to avoid.
For example, use anti-CSRF packages such as the OWASP CSRFGuard.

Phase: Implementation
Ensure that your application is free of cross-site scripting issues, because most CSRF defenses can be bypassed using attacker-controlled script.

Phase: Architecture and Design
Generate a unique nonce for each form, place the nonce into the form, and verify the nonce upon receipt of the form. Be sure that the nonce is not predictable (CWE-330).
Note that this can be bypassed using XSS.

Identify especially dangerous operations. When the user performs a dangerous operation, send a separate confirmation request to ensure that the user intended to perform that operation.
Note that this can be bypassed using XSS.

Use the ESAPI Session Management control.
This control includes a component for CSRF.

Do not use the GET method for any request that triggers a state change.

Phase: Implementation
Check the HTTP Referer header to see if the request originated from an expected page. This could break legitimate functionality, because users or proxies may have disabled sending the Referer for privacy reasons."
"Server Leaks Version Information via ""Server"" HTTP Response Header Field",Low,http://testphp.vulnweb.com/listproducts.php?cat=3,"The web/application server is leaking version information via the ""Server"" HTTP response header. Access to such information may facilitate attackers identifying other vulnerabilities your web/application server is subject to.","Ensure that your web server, application server, load balancer, etc. is configured to suppress the ""Server"" header or provide generic details."
Missing Anti-clickjacking Header,Medium,http://testphp.vulnweb.com/artists.php?artist=3,The response does not protect against 'ClickJacking' attacks. It should include either Content-Security-Policy with 'frame-ancestors' directive or X-Frame-Options.,"Modern Web browsers support the Content-Security-Policy and X-Frame-Options HTTP headers. Ensure one of them is set on all web pages returned by your site/app.
If you expect the page to be framed only by pages on your server (e.g. it's part of a FRAMESET) then you'll want to use SAMEORIGIN, otherwise if you never expect the page to be framed, you should use DENY. Alternatively consider implementing Content Security Policy's ""frame-ancestors"" directive."
Content Security Policy (CSP) Header Not Set,Medium,http://testphp.vulnweb.com/artists.php?artist=2,"Content Security Policy (CSP) is an added layer of security that helps to detect and mitigate certain types of attacks, including Cross Site Scripting (XSS) and data injection attacks. These attacks are used for everything from data theft to site defacement or distribution of malware. CSP provides a set of standard HTTP headers that allow website owners to declare approved sources of content that browsers should be allowed to load on that page — covered types are JavaScript, CSS, HTML frames, fonts, images and embeddable objects such as Java applets, ActiveX, audio and video files.","Ensure that your web server, application server, load balancer, etc. is configured to set the Content-Security-Policy header."
X-Content-Type-Options Header Missing,Low,http://testphp.vulnweb.com/listproducts.php?cat=3,"The Anti-MIME-Sniffing header X-Content-Type-Options was not set to 'nosniff'. This allows older versions of Internet Explorer and Chrome to perform MIME-sniffing on the response body, potentially causing the response body to be interpreted and displayed as a content type other than the declared content type. Current (early 2014) and legacy versions of Firefox will use the declared content type (if one is set), rather than performing MIME-sniffing.","Ensure that the application/web server sets the Content-Type header appropriately, and that it sets the X-Content-Type-Options header to 'nosniff' for all web pages.
If possible, ensure that the end user uses a standards-compliant and modern web browser that does not perform MIME-sniffing at all, or that can be directed by the web application/web server to not perform MIME-sniffing."
"Server Leaks Information via ""X-Powered-By"" HTTP Response Header Field(s)",Low,http://testphp.vulnweb.com/listproducts.php?cat=3,"The web/application server is leaking information via one or more ""X-Powered-By"" HTTP response headers. Access to such information may facilitate attackers identifying other frameworks/components your web application is reliant upon and the vulnerabilities such components may be subject to.","Ensure that your web server, application server, load balancer, etc. is configured to suppress ""X-Powered-By"" headers."
Absence of Anti-CSRF Tokens,Medium,http://testphp.vulnweb.com/artists.php?artist=2,"No Anti-CSRF tokens were found in a HTML submission form.
A cross-site request forgery is an attack that involves forcing a victim to send an HTTP request to a target destination without their knowledge or intent in order to perform an action as the victim. The underlying cause is application functionality using predictable URL/form actions in a repeatable way. The nature of the attack is that CSRF exploits the trust that a web site has for a user. By contrast, cross-site scripting (XSS) exploits the trust that a user has for a web site. Like XSS, CSRF attacks are not necessarily cross-site, but they can be. Cross-site request forgery is also known as CSRF, XSRF, one-click attack, session riding, confused deputy, and sea surf.

CSRF attacks are effective in a number of situations, including:
    * The victim has an active session on the target site.
    * The victim is authenticated via HTTP auth on the target site.
    * The victim is on the same local network as the target site.

CSRF has primarily been used to perform an action against a target site using the victim's privileges, but recent techniques have been discovered to disclose information by gaining access to the response. The risk of information disclosure is dramatically increased when the target site is vulnerable to XSS, because XSS can be used as a platform for CSRF, allowing the attack to operate within the bounds of the same-origin policy.","Phase: Architecture and Design
Use a vetted library or framework that does not allow this weakness to occur or provides constructs that make this weakness easier to avoid.
For example, use anti-CSRF packages such as the OWASP CSRFGuard.

Phase: Implementation
Ensure that your application is free of cross-site scripting issues, because most CSRF defenses can be bypassed using attacker-controlled script.

Phase: Architecture and Design
Generate a unique nonce for each form, place the nonce into the form, and verify the nonce upon receipt of the form. Be sure that the nonce is not predictable (CWE-330).
Note that this can be bypassed using XSS.

Identify especially dangerous operations. When the user performs a dangerous operation, send a separate confirmation request to ensure that the user intended to perform that operation.
Note that this can be bypassed using XSS.

Use the ESAPI Session Management control.
This control includes a component for CSRF.

Do not use the GET method for any request that triggers a state change.

Phase: Implementation
Check the HTTP Referer header to see if the request originated from an expected page. This could break legitimate functionality, because users or proxies may have disabled sending the Referer for privacy reasons."
Modern Web Application,Informational,http://testphp.vulnweb.com/listproducts.php?cat=2,The application appears to be a modern web application. If you need to explore it automatically then the Ajax Spider may well be more effective than the standard one.,This is an informational alert and so no changes are required.
"Server Leaks Version Information via ""Server"" HTTP Response Header Field",Low,http://testphp.vulnweb.com/listproducts.php?cat=2,"The web/application server is leaking version information via the ""Server"" HTTP response header. Access to such information may facilitate attackers identifying other vulnerabilities your web/application server is subject to.","Ensure that your web server, application server, load balancer, etc. is configured to suppress the ""Server"" header or provide generic details."
Modern Web Application,Informational,http://testphp.vulnweb.com/artists.php?artist=2,The application appears to be a modern web application. If you need to explore it automatically then the Ajax Spider may well be more effective than the standard one.,This is an informational alert and so no changes are required.
Charset Mismatch (Header Versus Meta Content-Type Charset),Informational,http://testphp.vulnweb.com/artists.php?artist=3,"This check identifies responses where the HTTP Content-Type header declares a charset different from the charset defined by the body of the HTML or XML. When there's a charset mismatch between the HTTP header and content body Web browsers can be forced into an undesirable content-sniffing mode to determine the content's correct character set.

An attacker could manipulate content on the page to be interpreted in an encoding of their choice. For example, if an attacker can control content at the beginning of the page, they could inject script using UTF-7 encoded text and manipulate some browsers into interpreting that text.",Force UTF-8 for all text content in both the HTTP header and meta tags in HTML or encoding declarations in XML.
X-Content-Type-Options Header Missing,Low,http://testphp.vulnweb.com/listproducts.php?cat=2,"The Anti-MIME-Sniffing header X-Content-Type-Options was not set to 'nosniff'. This allows older versions of Internet Explorer and Chrome to perform MIME-sniffing on the response body, potentially causing the response body to be interpreted and displayed as a content type other than the declared content type. Current (early 2014) and legacy versions of Firefox will use the declared content type (if one is set), rather than performing MIME-sniffing.","Ensure that the application/web server sets the Content-Type header appropriately, and that it sets the X-Content-Type-Options header to 'nosniff' for all web pages.
If possible, ensure that the end user uses a standards-compliant and modern web browser that does not perform MIME-sniffing at all, or that can be directed by the web application/web server to not perform MIME-sniffing."
"Server Leaks Version Information via ""Server"" HTTP Response Header Field",Low,http://testphp.vulnweb.com/showimage.php?file='%20+%20pict.item(0).firstChild.nodeValue%20+%20',"The web/application server is leaking version information via the ""Server"" HTTP response header. Access to such information may facilitate attackers identifying other vulnerabilities your web/application server is subject to.","Ensure that your web server, application server, load balancer, etc. is configured to suppress the ""Server"" header or provide generic details."
Content Security Policy (CSP) Header Not Set,Medium,http://testphp.vulnweb.com/artists.php?artist=3,"Content Security Policy (CSP) is an added layer of security that helps to detect and mitigate certain types of attacks, including Cross Site Scripting (XSS) and data injection attacks. These attacks are used for everything from data theft to site defacement or distribution of malware. CSP provides a set of standard HTTP headers that allow website owners to declare approved sources of content that browsers should be allowed to load on that page — covered types are JavaScript, CSS, HTML frames, fonts, images and embeddable objects such as Java applets, ActiveX, audio and video files.","Ensure that your web server, application server, load balancer, etc. is configured to set the Content-Security-Policy header."
Absence of Anti-CSRF Tokens,Medium,http://testphp.vulnweb.com/artists.php?artist=3,"No Anti-CSRF tokens were found in a HTML submission form.
A cross-site request forgery is an attack that involves forcing a victim to send an HTTP request to a target destination without their knowledge or intent in order to perform an action as the victim. The underlying cause is application functionality using predictable URL/form actions in a repeatable way. The nature of the attack is that CSRF exploits the trust that a web site has for a user. By contrast, cross-site scripting (XSS) exploits the trust that a user has for a web site. Like XSS, CSRF attacks are not necessarily cross-site, but they can be. Cross-site request forgery is also known as CSRF, XSRF, one-click attack, session riding, confused deputy, and sea surf.

CSRF attacks are effective in a number of situations, including:
    * The victim has an active session on the target site.
    * The victim is authenticated via HTTP auth on the target site.
    * The victim is on the same local network as the target site.

CSRF has primarily been used to perform an action against a target site using the victim's privileges, but recent techniques have been discovered to disclose information by gaining access to the response. The risk of information disclosure is dramatically increased when the target site is vulnerable to XSS, because XSS can be used as a platform for CSRF, allowing the attack to operate within the bounds of the same-origin policy.","Phase: Architecture and Design
Use a vetted library or framework that does not allow this weakness to occur or provides constructs that make this weakness easier to avoid.
For example, use anti-CSRF packages such as the OWASP CSRFGuard.

Phase: Implementation
Ensure that your application is free of cross-site scripting issues, because most CSRF defenses can be bypassed using attacker-controlled script.

Phase: Architecture and Design
Generate a unique nonce for each form, place the nonce into the form, and verify the nonce upon receipt of the form. Be sure that the nonce is not predictable (CWE-330).
Note that this can be bypassed using XSS.

Identify especially dangerous operations. When the user performs a dangerous operation, send a separate confirmation request to ensure that the user intended to perform that operation.
Note that this can be bypassed using XSS.

Use the ESAPI Session Management control.
This control includes a component for CSRF.

Do not use the GET method for any request that triggers a state change.

Phase: Implementation
Check the HTTP Referer header to see if the request originated from an expected page. This could break legitimate functionality, because users or proxies may have disabled sending the Referer for privacy reasons."
"Server Leaks Information via ""X-Powered-By"" HTTP Response Header Field(s)",Low,http://testphp.vulnweb.com/listproducts.php?cat=2,"The web/application server is leaking information via one or more ""X-Powered-By"" HTTP response headers. Access to such information may facilitate attackers identifying other frameworks/components your web application is reliant upon and the vulnerabilities such components may be subject to.","Ensure that your web server, application server, load balancer, etc. is configured to suppress ""X-Powered-By"" headers."
X-Content-Type-Options Header Missing,Low,http://testphp.vulnweb.com/showimage.php?file='%20+%20pict.item(0).firstChild.nodeValue%20+%20',"The Anti-MIME-Sniffing header X-Content-Type-Options was not set to 'nosniff'. This allows older versions of Internet Explorer and Chrome to perform MIME-sniffing on the response body, potentially causing the response body to be interpreted and displayed as a content type other than the declared content type. Current (early 2014) and legacy versions of Firefox will use the declared content type (if one is set), rather than performing MIME-sniffing.","Ensure that the application/web server sets the Content-Type header appropriately, and that it sets the X-Content-Type-Options header to 'nosniff' for all web pages.
If possible, ensure that the end user uses a standards-compliant and modern web browser that does not perform MIME-sniffing at all, or that can be directed by the web application/web server to not perform MIME-sniffing."
"Server Leaks Information via ""X-Powered-By"" HTTP Response Header Field(s)",Low,http://testphp.vulnweb.com/showimage.php?file='%20+%20pict.item(0).firstChild.nodeValue%20+%20',"The web/application server is leaking information via one or more ""X-Powered-By"" HTTP response headers. Access to such information may facilitate attackers identifying other frameworks/components your web application is reliant upon and the vulnerabilities such components may be subject to.","Ensure that your web server, application server, load balancer, etc. is configured to suppress ""X-Powered-By"" headers."
"Server Leaks Version Information via ""Server"" HTTP Response Header Field",Low,http://testphp.vulnweb.com/artists.php?artist=2,"The web/application server is leaking version information via the ""Server"" HTTP response header. Access to such information may facilitate attackers identifying other vulnerabilities your web/application server is subject to.","Ensure that your web server, application server, load balancer, etc. is configured to suppress the ""Server"" header or provide generic details."
Modern Web Application,Informational,http://testphp.vulnweb.com/artists.php?artist=3,The application appears to be a modern web application. If you need to explore it automatically then the Ajax Spider may well be more effective than the standard one.,This is an informational alert and so no changes are required.
Missing Anti-clickjacking Header,Medium,http://testphp.vulnweb.com/signup.php,The response does not protect against 'ClickJacking' attacks. It should include either Content-Security-Policy with 'frame-ancestors' directive or X-Frame-Options.,"Modern Web browsers support the Content-Security-Policy and X-Frame-Options HTTP headers. Ensure one of them is set on all web pages returned by your site/app.
If you expect the page to be framed only by pages on your server (e.g. it's part of a FRAMESET) then you'll want to use SAMEORIGIN, otherwise if you never expect the page to be framed, you should use DENY. Alternatively consider implementing Content Security Policy's ""frame-ancestors"" directive."
X-Content-Type-Options Header Missing,Low,http://testphp.vulnweb.com/artists.php?artist=2,"The Anti-MIME-Sniffing header X-Content-Type-Options was not set to 'nosniff'. This allows older versions of Internet Explorer and Chrome to perform MIME-sniffing on the response body, potentially causing the response body to be interpreted and displayed as a content type other than the declared content type. Current (early 2014) and legacy versions of Firefox will use the declared content type (if one is set), rather than performing MIME-sniffing.","Ensure that the application/web server sets the Content-Type header appropriately, and that it sets the X-Content-Type-Options header to 'nosniff' for all web pages.
If possible, ensure that the end user uses a standards-compliant and modern web browser that does not perform MIME-sniffing at all, or that can be directed by the web application/web server to not perform MIME-sniffing."
"Server Leaks Information via ""X-Powered-By"" HTTP Response Header Field(s)",Low,http://testphp.vulnweb.com/artists.php?artist=2,"The web/application server is leaking information via one or more ""X-Powered-By"" HTTP response headers. Access to such information may facilitate attackers identifying other frameworks/components your web application is reliant upon and the vulnerabilities such components may be subject to.","Ensure that your web server, application server, load balancer, etc. is configured to suppress ""X-Powered-By"" headers."
"Server Leaks Version Information via ""Server"" HTTP Response Header Field",Low,http://testphp.vulnweb.com/artists.php?artist=3,"The web/application server is leaking version information via the ""Server"" HTTP response header. Access to such information may facilitate attackers identifying other vulnerabilities your web/application server is subject to.","Ensure that your web server, application server, load balancer, etc. is configured to suppress the ""Server"" header or provide generic details."
"Server Leaks Version Information via ""Server"" HTTP Response Header Field",Low,http://testphp.vulnweb.com/userinfo.php,"The web/application server is leaking version information via the ""Server"" HTTP response header. Access to such information may facilitate attackers identifying other vulnerabilities your web/application server is subject to.","Ensure that your web server, application server, load balancer, etc. is configured to suppress the ""Server"" header or provide generic details."
Charset Mismatch (Header Versus Meta Content-Type Charset),Informational,http://testphp.vulnweb.com/signup.php,"This check identifies responses where the HTTP Content-Type header declares a charset different from the charset defined by the body of the HTML or XML. When there's a charset mismatch between the HTTP header and content body Web browsers can be forced into an undesirable content-sniffing mode to determine the content's correct character set.

An attacker could manipulate content on the page to be interpreted in an encoding of their choice. For example, if an attacker can control content at the beginning of the page, they could inject script using UTF-7 encoded text and manipulate some browsers into interpreting that text.",Force UTF-8 for all text content in both the HTTP header and meta tags in HTML or encoding declarations in XML.
X-Content-Type-Options Header Missing,Low,http://testphp.vulnweb.com/artists.php?artist=3,"The Anti-MIME-Sniffing header X-Content-Type-Options was not set to 'nosniff'. This allows older versions of Internet Explorer and Chrome to perform MIME-sniffing on the response body, potentially causing the response body to be interpreted and displayed as a content type other than the declared content type. Current (early 2014) and legacy versions of Firefox will use the declared content type (if one is set), rather than performing MIME-sniffing.","Ensure that the application/web server sets the Content-Type header appropriately, and that it sets the X-Content-Type-Options header to 'nosniff' for all web pages.
If possible, ensure that the end user uses a standards-compliant and modern web browser that does not perform MIME-sniffing at all, or that can be directed by the web application/web server to not perform MIME-sniffing."
Content Security Policy (CSP) Header Not Set,Medium,http://testphp.vulnweb.com/signup.php,"Content Security Policy (CSP) is an added layer of security that helps to detect and mitigate certain types of attacks, including Cross Site Scripting (XSS) and data injection attacks. These attacks are used for everything from data theft to site defacement or distribution of malware. CSP provides a set of standard HTTP headers that allow website owners to declare approved sources of content that browsers should be allowed to load on that page — covered types are JavaScript, CSS, HTML frames, fonts, images and embeddable objects such as Java applets, ActiveX, audio and video files.","Ensure that your web server, application server, load balancer, etc. is configured to set the Content-Security-Policy header."
"Server Leaks Information via ""X-Powered-By"" HTTP Response Header Field(s)",Low,http://testphp.vulnweb.com/userinfo.php,"The web/application server is leaking information via one or more ""X-Powered-By"" HTTP response headers. Access to such information may facilitate attackers identifying other frameworks/components your web application is reliant upon and the vulnerabilities such components may be subject to.","Ensure that your web server, application server, load balancer, etc. is configured to suppress ""X-Powered-By"" headers."
Missing Anti-clickjacking Header,Medium,http://testphp.vulnweb.com/Mod_Rewrite_Shop/Details/network-attached-storage-dlink/1/,The response does not protect against 'ClickJacking' attacks. It should include either Content-Security-Policy with 'frame-ancestors' directive or X-Frame-Options.,"Modern Web browsers support the Content-Security-Policy and X-Frame-Options HTTP headers. Ensure one of them is set on all web pages returned by your site/app.
If you expect the page to be framed only by pages on your server (e.g. it's part of a FRAMESET) then you'll want to use SAMEORIGIN, otherwise if you never expect the page to be framed, you should use DENY. Alternatively consider implementing Content Security Policy's ""frame-ancestors"" directive."
Missing Anti-clickjacking Header,Medium,http://testphp.vulnweb.com/Mod_Rewrite_Shop/Details/web-camera-a4tech/2/,The response does not protect against 'ClickJacking' attacks. It should include either Content-Security-Policy with 'frame-ancestors' directive or X-Frame-Options.,"Modern Web browsers support the Content-Security-Policy and X-Frame-Options HTTP headers. Ensure one of them is set on all web pages returned by your site/app.
If you expect the page to be framed only by pages on your server (e.g. it's part of a FRAMESET) then you'll want to use SAMEORIGIN, otherwise if you never expect the page to be framed, you should use DENY. Alternatively consider implementing Content Security Policy's ""frame-ancestors"" directive."
"Server Leaks Information via ""X-Powered-By"" HTTP Response Header Field(s)",Low,http://testphp.vulnweb.com/artists.php?artist=3,"The web/application server is leaking information via one or more ""X-Powered-By"" HTTP response headers. Access to such information may facilitate attackers identifying other frameworks/components your web application is reliant upon and the vulnerabilities such components may be subject to.","Ensure that your web server, application server, load balancer, etc. is configured to suppress ""X-Powered-By"" headers."
Absence of Anti-CSRF Tokens,Medium,http://testphp.vulnweb.com/signup.php,"No Anti-CSRF tokens were found in a HTML submission form.
A cross-site request forgery is an attack that involves forcing a victim to send an HTTP request to a target destination without their knowledge or intent in order to perform an action as the victim. The underlying cause is application functionality using predictable URL/form actions in a repeatable way. The nature of the attack is that CSRF exploits the trust that a web site has for a user. By contrast, cross-site scripting (XSS) exploits the trust that a user has for a web site. Like XSS, CSRF attacks are not necessarily cross-site, but they can be. Cross-site request forgery is also known as CSRF, XSRF, one-click attack, session riding, confused deputy, and sea surf.

CSRF attacks are effective in a number of situations, including:
    * The victim has an active session on the target site.
    * The victim is authenticated via HTTP auth on the target site.
    * The victim is on the same local network as the target site.

CSRF has primarily been used to perform an action against a target site using the victim's privileges, but recent techniques have been discovered to disclose information by gaining access to the response. The risk of information disclosure is dramatically increased when the target site is vulnerable to XSS, because XSS can be used as a platform for CSRF, allowing the attack to operate within the bounds of the same-origin policy.","Phase: Architecture and Design
Use a vetted library or framework that does not allow this weakness to occur or provides constructs that make this weakness easier to avoid.
For example, use anti-CSRF packages such as the OWASP CSRFGuard.

Phase: Implementation
Ensure that your application is free of cross-site scripting issues, because most CSRF defenses can be bypassed using attacker-controlled script.

Phase: Architecture and Design
Generate a unique nonce for each form, place the nonce into the form, and verify the nonce upon receipt of the form. Be sure that the nonce is not predictable (CWE-330).
Note that this can be bypassed using XSS.

Identify especially dangerous operations. When the user performs a dangerous operation, send a separate confirmation request to ensure that the user intended to perform that operation.
Note that this can be bypassed using XSS.

Use the ESAPI Session Management control.
This control includes a component for CSRF.

Do not use the GET method for any request that triggers a state change.

Phase: Implementation
Check the HTTP Referer header to see if the request originated from an expected page. This could break legitimate functionality, because users or proxies may have disabled sending the Referer for privacy reasons."
Absence of Anti-CSRF Tokens,Medium,http://testphp.vulnweb.com/signup.php,"No Anti-CSRF tokens were found in a HTML submission form.
A cross-site request forgery is an attack that involves forcing a victim to send an HTTP request to a target destination without their knowledge or intent in order to perform an action as the victim. The underlying cause is application functionality using predictable URL/form actions in a repeatable way. The nature of the attack is that CSRF exploits the trust that a web site has for a user. By contrast, cross-site scripting (XSS) exploits the trust that a user has for a web site. Like XSS, CSRF attacks are not necessarily cross-site, but they can be. Cross-site request forgery is also known as CSRF, XSRF, one-click attack, session riding, confused deputy, and sea surf.

CSRF attacks are effective in a number of situations, including:
    * The victim has an active session on the target site.
    * The victim is authenticated via HTTP auth on the target site.
    * The victim is on the same local network as the target site.

CSRF has primarily been used to perform an action against a target site using the victim's privileges, but recent techniques have been discovered to disclose information by gaining access to the response. The risk of information disclosure is dramatically increased when the target site is vulnerable to XSS, because XSS can be used as a platform for CSRF, allowing the attack to operate within the bounds of the same-origin policy.","Phase: Architecture and Design
Use a vetted library or framework that does not allow this weakness to occur or provides constructs that make this weakness easier to avoid.
For example, use anti-CSRF packages such as the OWASP CSRFGuard.

Phase: Implementation
Ensure that your application is free of cross-site scripting issues, because most CSRF defenses can be bypassed using attacker-controlled script.

Phase: Architecture and Design
Generate a unique nonce for each form, place the nonce into the form, and verify the nonce upon receipt of the form. Be sure that the nonce is not predictable (CWE-330).
Note that this can be bypassed using XSS.

Identify especially dangerous operations. When the user performs a dangerous operation, send a separate confirmation request to ensure that the user intended to perform that operation.
Note that this can be bypassed using XSS.

Use the ESAPI Session Management control.
This control includes a component for CSRF.

Do not use the GET method for any request that triggers a state change.

Phase: Implementation
Check the HTTP Referer header to see if the request originated from an expected page. This could break legitimate functionality, because users or proxies may have disabled sending the Referer for privacy reasons."
Content Security Policy (CSP) Header Not Set,Medium,http://testphp.vulnweb.com/Mod_Rewrite_Shop/Details/network-attached-storage-dlink/1/,"Content Security Policy (CSP) is an added layer of security that helps to detect and mitigate certain types of attacks, including Cross Site Scripting (XSS) and data injection attacks. These attacks are used for everything from data theft to site defacement or distribution of malware. CSP provides a set of standard HTTP headers that allow website owners to declare approved sources of content that browsers should be allowed to load on that page — covered types are JavaScript, CSS, HTML frames, fonts, images and embeddable objects such as Java applets, ActiveX, audio and video files.","Ensure that your web server, application server, load balancer, etc. is configured to set the Content-Security-Policy header."
Content Security Policy (CSP) Header Not Set,Medium,http://testphp.vulnweb.com/Mod_Rewrite_Shop/Details/web-camera-a4tech/2/,"Content Security Policy (CSP) is an added layer of security that helps to detect and mitigate certain types of attacks, including Cross Site Scripting (XSS) and data injection attacks. These attacks are used for everything from data theft to site defacement or distribution of malware. CSP provides a set of standard HTTP headers that allow website owners to declare approved sources of content that browsers should be allowed to load on that page — covered types are JavaScript, CSS, HTML frames, fonts, images and embeddable objects such as Java applets, ActiveX, audio and video files.","Ensure that your web server, application server, load balancer, etc. is configured to set the Content-Security-Policy header."
Missing Anti-clickjacking Header,Medium,http://testphp.vulnweb.com/Mod_Rewrite_Shop/Details/color-printer/3/,The response does not protect against 'ClickJacking' attacks. It should include either Content-Security-Policy with 'frame-ancestors' directive or X-Frame-Options.,"Modern Web browsers support the Content-Security-Policy and X-Frame-Options HTTP headers. Ensure one of them is set on all web pages returned by your site/app.
If you expect the page to be framed only by pages on your server (e.g. it's part of a FRAMESET) then you'll want to use SAMEORIGIN, otherwise if you never expect the page to be framed, you should use DENY. Alternatively consider implementing Content Security Policy's ""frame-ancestors"" directive."
"Server Leaks Version Information via ""Server"" HTTP Response Header Field",Low,http://testphp.vulnweb.com/signup.php,"The web/application server is leaking version information via the ""Server"" HTTP response header. Access to such information may facilitate attackers identifying other vulnerabilities your web/application server is subject to.","Ensure that your web server, application server, load balancer, etc. is configured to suppress the ""Server"" header or provide generic details."
"Server Leaks Version Information via ""Server"" HTTP Response Header Field",Low,http://testphp.vulnweb.com/Mod_Rewrite_Shop/Details/network-attached-storage-dlink/1/,"The web/application server is leaking version information via the ""Server"" HTTP response header. Access to such information may facilitate attackers identifying other vulnerabilities your web/application server is subject to.","Ensure that your web server, application server, load balancer, etc. is configured to suppress the ""Server"" header or provide generic details."
"Server Leaks Version Information via ""Server"" HTTP Response Header Field",Low,http://testphp.vulnweb.com/Mod_Rewrite_Shop/Details/web-camera-a4tech/2/,"The web/application server is leaking version information via the ""Server"" HTTP response header. Access to such information may facilitate attackers identifying other vulnerabilities your web/application server is subject to.","Ensure that your web server, application server, load balancer, etc. is configured to suppress the ""Server"" header or provide generic details."
X-Content-Type-Options Header Missing,Low,http://testphp.vulnweb.com/signup.php,"The Anti-MIME-Sniffing header X-Content-Type-Options was not set to 'nosniff'. This allows older versions of Internet Explorer and Chrome to perform MIME-sniffing on the response body, potentially causing the response body to be interpreted and displayed as a content type other than the declared content type. Current (early 2014) and legacy versions of Firefox will use the declared content type (if one is set), rather than performing MIME-sniffing.","Ensure that the application/web server sets the Content-Type header appropriately, and that it sets the X-Content-Type-Options header to 'nosniff' for all web pages.
If possible, ensure that the end user uses a standards-compliant and modern web browser that does not perform MIME-sniffing at all, or that can be directed by the web application/web server to not perform MIME-sniffing."
"Server Leaks Information via ""X-Powered-By"" HTTP Response Header Field(s)",Low,http://testphp.vulnweb.com/signup.php,"The web/application server is leaking information via one or more ""X-Powered-By"" HTTP response headers. Access to such information may facilitate attackers identifying other frameworks/components your web application is reliant upon and the vulnerabilities such components may be subject to.","Ensure that your web server, application server, load balancer, etc. is configured to suppress ""X-Powered-By"" headers."
X-Content-Type-Options Header Missing,Low,http://testphp.vulnweb.com/Mod_Rewrite_Shop/Details/web-camera-a4tech/2/,"The Anti-MIME-Sniffing header X-Content-Type-Options was not set to 'nosniff'. This allows older versions of Internet Explorer and Chrome to perform MIME-sniffing on the response body, potentially causing the response body to be interpreted and displayed as a content type other than the declared content type. Current (early 2014) and legacy versions of Firefox will use the declared content type (if one is set), rather than performing MIME-sniffing.","Ensure that the application/web server sets the Content-Type header appropriately, and that it sets the X-Content-Type-Options header to 'nosniff' for all web pages.
If possible, ensure that the end user uses a standards-compliant and modern web browser that does not perform MIME-sniffing at all, or that can be directed by the web application/web server to not perform MIME-sniffing."
Content Security Policy (CSP) Header Not Set,Medium,http://testphp.vulnweb.com/Mod_Rewrite_Shop/Details/color-printer/3/,"Content Security Policy (CSP) is an added layer of security that helps to detect and mitigate certain types of attacks, including Cross Site Scripting (XSS) and data injection attacks. These attacks are used for everything from data theft to site defacement or distribution of malware. CSP provides a set of standard HTTP headers that allow website owners to declare approved sources of content that browsers should be allowed to load on that page — covered types are JavaScript, CSS, HTML frames, fonts, images and embeddable objects such as Java applets, ActiveX, audio and video files.","Ensure that your web server, application server, load balancer, etc. is configured to set the Content-Security-Policy header."
X-Content-Type-Options Header Missing,Low,http://testphp.vulnweb.com/Mod_Rewrite_Shop/Details/network-attached-storage-dlink/1/,"The Anti-MIME-Sniffing header X-Content-Type-Options was not set to 'nosniff'. This allows older versions of Internet Explorer and Chrome to perform MIME-sniffing on the response body, potentially causing the response body to be interpreted and displayed as a content type other than the declared content type. Current (early 2014) and legacy versions of Firefox will use the declared content type (if one is set), rather than performing MIME-sniffing.","Ensure that the application/web server sets the Content-Type header appropriately, and that it sets the X-Content-Type-Options header to 'nosniff' for all web pages.
If possible, ensure that the end user uses a standards-compliant and modern web browser that does not perform MIME-sniffing at all, or that can be directed by the web application/web server to not perform MIME-sniffing."
"Server Leaks Information via ""X-Powered-By"" HTTP Response Header Field(s)",Low,http://testphp.vulnweb.com/Mod_Rewrite_Shop/Details/web-camera-a4tech/2/,"The web/application server is leaking information via one or more ""X-Powered-By"" HTTP response headers. Access to such information may facilitate attackers identifying other frameworks/components your web application is reliant upon and the vulnerabilities such components may be subject to.","Ensure that your web server, application server, load balancer, etc. is configured to suppress ""X-Powered-By"" headers."
"Server Leaks Version Information via ""Server"" HTTP Response Header Field",Low,http://testphp.vulnweb.com/Mod_Rewrite_Shop/Details/color-printer/3/,"The web/application server is leaking version information via the ""Server"" HTTP response header. Access to such information may facilitate attackers identifying other vulnerabilities your web/application server is subject to.","Ensure that your web server, application server, load balancer, etc. is configured to suppress the ""Server"" header or provide generic details."
"Server Leaks Information via ""X-Powered-By"" HTTP Response Header Field(s)",Low,http://testphp.vulnweb.com/Mod_Rewrite_Shop/Details/network-attached-storage-dlink/1/,"The web/application server is leaking information via one or more ""X-Powered-By"" HTTP response headers. Access to such information may facilitate attackers identifying other frameworks/components your web application is reliant upon and the vulnerabilities such components may be subject to.","Ensure that your web server, application server, load balancer, etc. is configured to suppress ""X-Powered-By"" headers."
"Server Leaks Version Information via ""Server"" HTTP Response Header Field",Low,http://testphp.vulnweb.com/images/remark.gif,"The web/application server is leaking version information via the ""Server"" HTTP response header. Access to such information may facilitate attackers identifying other vulnerabilities your web/application server is subject to.","Ensure that your web server, application server, load balancer, etc. is configured to suppress the ""Server"" header or provide generic details."
"Server Leaks Version Information via ""Server"" HTTP Response Header Field",Low,http://testphp.vulnweb.com/Mod_Rewrite_Shop/images/1.jpg,"The web/application server is leaking version information via the ""Server"" HTTP response header. Access to such information may facilitate attackers identifying other vulnerabilities your web/application server is subject to.","Ensure that your web server, application server, load balancer, etc. is configured to suppress the ""Server"" header or provide generic details."
X-Content-Type-Options Header Missing,Low,http://testphp.vulnweb.com/Mod_Rewrite_Shop/Details/color-printer/3/,"The Anti-MIME-Sniffing header X-Content-Type-Options was not set to 'nosniff'. This allows older versions of Internet Explorer and Chrome to perform MIME-sniffing on the response body, potentially causing the response body to be interpreted and displayed as a content type other than the declared content type. Current (early 2014) and legacy versions of Firefox will use the declared content type (if one is set), rather than performing MIME-sniffing.","Ensure that the application/web server sets the Content-Type header appropriately, and that it sets the X-Content-Type-Options header to 'nosniff' for all web pages.
If possible, ensure that the end user uses a standards-compliant and modern web browser that does not perform MIME-sniffing at all, or that can be directed by the web application/web server to not perform MIME-sniffing."
X-Content-Type-Options Header Missing,Low,http://testphp.vulnweb.com/images/remark.gif,"The Anti-MIME-Sniffing header X-Content-Type-Options was not set to 'nosniff'. This allows older versions of Internet Explorer and Chrome to perform MIME-sniffing on the response body, potentially causing the response body to be interpreted and displayed as a content type other than the declared content type. Current (early 2014) and legacy versions of Firefox will use the declared content type (if one is set), rather than performing MIME-sniffing.","Ensure that the application/web server sets the Content-Type header appropriately, and that it sets the X-Content-Type-Options header to 'nosniff' for all web pages.
If possible, ensure that the end user uses a standards-compliant and modern web browser that does not perform MIME-sniffing at all, or that can be directed by the web application/web server to not perform MIME-sniffing."
Missing Anti-clickjacking Header,Medium,http://testphp.vulnweb.com/hpp/?pp=12,The response does not protect against 'ClickJacking' attacks. It should include either Content-Security-Policy with 'frame-ancestors' directive or X-Frame-Options.,"Modern Web browsers support the Content-Security-Policy and X-Frame-Options HTTP headers. Ensure one of them is set on all web pages returned by your site/app.
If you expect the page to be framed only by pages on your server (e.g. it's part of a FRAMESET) then you'll want to use SAMEORIGIN, otherwise if you never expect the page to be framed, you should use DENY. Alternatively consider implementing Content Security Policy's ""frame-ancestors"" directive."
"Server Leaks Information via ""X-Powered-By"" HTTP Response Header Field(s)",Low,http://testphp.vulnweb.com/Mod_Rewrite_Shop/Details/color-printer/3/,"The web/application server is leaking information via one or more ""X-Powered-By"" HTTP response headers. Access to such information may facilitate attackers identifying other frameworks/components your web application is reliant upon and the vulnerabilities such components may be subject to.","Ensure that your web server, application server, load balancer, etc. is configured to suppress ""X-Powered-By"" headers."
X-Content-Type-Options Header Missing,Low,http://testphp.vulnweb.com/Mod_Rewrite_Shop/images/1.jpg,"The Anti-MIME-Sniffing header X-Content-Type-Options was not set to 'nosniff'. This allows older versions of Internet Explorer and Chrome to perform MIME-sniffing on the response body, potentially causing the response body to be interpreted and displayed as a content type other than the declared content type. Current (early 2014) and legacy versions of Firefox will use the declared content type (if one is set), rather than performing MIME-sniffing.","Ensure that the application/web server sets the Content-Type header appropriately, and that it sets the X-Content-Type-Options header to 'nosniff' for all web pages.
If possible, ensure that the end user uses a standards-compliant and modern web browser that does not perform MIME-sniffing at all, or that can be directed by the web application/web server to not perform MIME-sniffing."
"Server Leaks Version Information via ""Server"" HTTP Response Header Field",Low,http://testphp.vulnweb.com/showimage.php?file=./pictures/2.jpg,"The web/application server is leaking version information via the ""Server"" HTTP response header. Access to such information may facilitate attackers identifying other vulnerabilities your web/application server is subject to.","Ensure that your web server, application server, load balancer, etc. is configured to suppress the ""Server"" header or provide generic details."
Content Security Policy (CSP) Header Not Set,Medium,http://testphp.vulnweb.com/hpp/?pp=12,"Content Security Policy (CSP) is an added layer of security that helps to detect and mitigate certain types of attacks, including Cross Site Scripting (XSS) and data injection attacks. These attacks are used for everything from data theft to site defacement or distribution of malware. CSP provides a set of standard HTTP headers that allow website owners to declare approved sources of content that browsers should be allowed to load on that page — covered types are JavaScript, CSS, HTML frames, fonts, images and embeddable objects such as Java applets, ActiveX, audio and video files.","Ensure that your web server, application server, load balancer, etc. is configured to set the Content-Security-Policy header."
Missing Anti-clickjacking Header,Medium,http://testphp.vulnweb.com/guestbook.php,The response does not protect against 'ClickJacking' attacks. It should include either Content-Security-Policy with 'frame-ancestors' directive or X-Frame-Options.,"Modern Web browsers support the Content-Security-Policy and X-Frame-Options HTTP headers. Ensure one of them is set on all web pages returned by your site/app.
If you expect the page to be framed only by pages on your server (e.g. it's part of a FRAMESET) then you'll want to use SAMEORIGIN, otherwise if you never expect the page to be framed, you should use DENY. Alternatively consider implementing Content Security Policy's ""frame-ancestors"" directive."
"Server Leaks Version Information via ""Server"" HTTP Response Header Field",Low,http://testphp.vulnweb.com/Mod_Rewrite_Shop/images/3.jpg,"The web/application server is leaking version information via the ""Server"" HTTP response header. Access to such information may facilitate attackers identifying other vulnerabilities your web/application server is subject to.","Ensure that your web server, application server, load balancer, etc. is configured to suppress the ""Server"" header or provide generic details."
X-Content-Type-Options Header Missing,Low,http://testphp.vulnweb.com/showimage.php?file=./pictures/2.jpg,"The Anti-MIME-Sniffing header X-Content-Type-Options was not set to 'nosniff'. This allows older versions of Internet Explorer and Chrome to perform MIME-sniffing on the response body, potentially causing the response body to be interpreted and displayed as a content type other than the declared content type. Current (early 2014) and legacy versions of Firefox will use the declared content type (if one is set), rather than performing MIME-sniffing.","Ensure that the application/web server sets the Content-Type header appropriately, and that it sets the X-Content-Type-Options header to 'nosniff' for all web pages.
If possible, ensure that the end user uses a standards-compliant and modern web browser that does not perform MIME-sniffing at all, or that can be directed by the web application/web server to not perform MIME-sniffing."
"Server Leaks Version Information via ""Server"" HTTP Response Header Field",Low,http://testphp.vulnweb.com/hpp/?pp=12,"The web/application server is leaking version information via the ""Server"" HTTP response header. Access to such information may facilitate attackers identifying other vulnerabilities your web/application server is subject to.","Ensure that your web server, application server, load balancer, etc. is configured to suppress the ""Server"" header or provide generic details."
X-Content-Type-Options Header Missing,Low,http://testphp.vulnweb.com/Mod_Rewrite_Shop/images/3.jpg,"The Anti-MIME-Sniffing header X-Content-Type-Options was not set to 'nosniff'. This allows older versions of Internet Explorer and Chrome to perform MIME-sniffing on the response body, potentially causing the response body to be interpreted and displayed as a content type other than the declared content type. Current (early 2014) and legacy versions of Firefox will use the declared content type (if one is set), rather than performing MIME-sniffing.","Ensure that the application/web server sets the Content-Type header appropriately, and that it sets the X-Content-Type-Options header to 'nosniff' for all web pages.
If possible, ensure that the end user uses a standards-compliant and modern web browser that does not perform MIME-sniffing at all, or that can be directed by the web application/web server to not perform MIME-sniffing."
"Server Leaks Information via ""X-Powered-By"" HTTP Response Header Field(s)",Low,http://testphp.vulnweb.com/showimage.php?file=./pictures/2.jpg,"The web/application server is leaking information via one or more ""X-Powered-By"" HTTP response headers. Access to such information may facilitate attackers identifying other frameworks/components your web application is reliant upon and the vulnerabilities such components may be subject to.","Ensure that your web server, application server, load balancer, etc. is configured to suppress ""X-Powered-By"" headers."
"Server Leaks Version Information via ""Server"" HTTP Response Header Field",Low,http://testphp.vulnweb.com/Mod_Rewrite_Shop/images/2.jpg,"The web/application server is leaking version information via the ""Server"" HTTP response header. Access to such information may facilitate attackers identifying other vulnerabilities your web/application server is subject to.","Ensure that your web server, application server, load balancer, etc. is configured to suppress the ""Server"" header or provide generic details."
X-Content-Type-Options Header Missing,Low,http://testphp.vulnweb.com/hpp/?pp=12,"The Anti-MIME-Sniffing header X-Content-Type-Options was not set to 'nosniff'. This allows older versions of Internet Explorer and Chrome to perform MIME-sniffing on the response body, potentially causing the response body to be interpreted and displayed as a content type other than the declared content type. Current (early 2014) and legacy versions of Firefox will use the declared content type (if one is set), rather than performing MIME-sniffing.","Ensure that the application/web server sets the Content-Type header appropriately, and that it sets the X-Content-Type-Options header to 'nosniff' for all web pages.
If possible, ensure that the end user uses a standards-compliant and modern web browser that does not perform MIME-sniffing at all, or that can be directed by the web application/web server to not perform MIME-sniffing."
Charset Mismatch (Header Versus Meta Content-Type Charset),Informational,http://testphp.vulnweb.com/guestbook.php,"This check identifies responses where the HTTP Content-Type header declares a charset different from the charset defined by the body of the HTML or XML. When there's a charset mismatch between the HTTP header and content body Web browsers can be forced into an undesirable content-sniffing mode to determine the content's correct character set.

An attacker could manipulate content on the page to be interpreted in an encoding of their choice. For example, if an attacker can control content at the beginning of the page, they could inject script using UTF-7 encoded text and manipulate some browsers into interpreting that text.",Force UTF-8 for all text content in both the HTTP header and meta tags in HTML or encoding declarations in XML.
Missing Anti-clickjacking Header,Medium,http://testphp.vulnweb.com/product.php?pic=2,The response does not protect against 'ClickJacking' attacks. It should include either Content-Security-Policy with 'frame-ancestors' directive or X-Frame-Options.,"Modern Web browsers support the Content-Security-Policy and X-Frame-Options HTTP headers. Ensure one of them is set on all web pages returned by your site/app.
If you expect the page to be framed only by pages on your server (e.g. it's part of a FRAMESET) then you'll want to use SAMEORIGIN, otherwise if you never expect the page to be framed, you should use DENY. Alternatively consider implementing Content Security Policy's ""frame-ancestors"" directive."
X-Content-Type-Options Header Missing,Low,http://testphp.vulnweb.com/Mod_Rewrite_Shop/images/2.jpg,"The Anti-MIME-Sniffing header X-Content-Type-Options was not set to 'nosniff'. This allows older versions of Internet Explorer and Chrome to perform MIME-sniffing on the response body, potentially causing the response body to be interpreted and displayed as a content type other than the declared content type. Current (early 2014) and legacy versions of Firefox will use the declared content type (if one is set), rather than performing MIME-sniffing.","Ensure that the application/web server sets the Content-Type header appropriately, and that it sets the X-Content-Type-Options header to 'nosniff' for all web pages.
If possible, ensure that the end user uses a standards-compliant and modern web browser that does not perform MIME-sniffing at all, or that can be directed by the web application/web server to not perform MIME-sniffing."
"Server Leaks Information via ""X-Powered-By"" HTTP Response Header Field(s)",Low,http://testphp.vulnweb.com/hpp/?pp=12,"The web/application server is leaking information via one or more ""X-Powered-By"" HTTP response headers. Access to such information may facilitate attackers identifying other frameworks/components your web application is reliant upon and the vulnerabilities such components may be subject to.","Ensure that your web server, application server, load balancer, etc. is configured to suppress ""X-Powered-By"" headers."
Content Security Policy (CSP) Header Not Set,Medium,http://testphp.vulnweb.com/guestbook.php,"Content Security Policy (CSP) is an added layer of security that helps to detect and mitigate certain types of attacks, including Cross Site Scripting (XSS) and data injection attacks. These attacks are used for everything from data theft to site defacement or distribution of malware. CSP provides a set of standard HTTP headers that allow website owners to declare approved sources of content that browsers should be allowed to load on that page — covered types are JavaScript, CSS, HTML frames, fonts, images and embeddable objects such as Java applets, ActiveX, audio and video files.","Ensure that your web server, application server, load balancer, etc. is configured to set the Content-Security-Policy header."
Absence of Anti-CSRF Tokens,Medium,http://testphp.vulnweb.com/guestbook.php,"No Anti-CSRF tokens were found in a HTML submission form.
A cross-site request forgery is an attack that involves forcing a victim to send an HTTP request to a target destination without their knowledge or intent in order to perform an action as the victim. The underlying cause is application functionality using predictable URL/form actions in a repeatable way. The nature of the attack is that CSRF exploits the trust that a web site has for a user. By contrast, cross-site scripting (XSS) exploits the trust that a user has for a web site. Like XSS, CSRF attacks are not necessarily cross-site, but they can be. Cross-site request forgery is also known as CSRF, XSRF, one-click attack, session riding, confused deputy, and sea surf.

CSRF attacks are effective in a number of situations, including:
    * The victim has an active session on the target site.
    * The victim is authenticated via HTTP auth on the target site.
    * The victim is on the same local network as the target site.

CSRF has primarily been used to perform an action against a target site using the victim's privileges, but recent techniques have been discovered to disclose information by gaining access to the response. The risk of information disclosure is dramatically increased when the target site is vulnerable to XSS, because XSS can be used as a platform for CSRF, allowing the attack to operate within the bounds of the same-origin policy.","Phase: Architecture and Design
Use a vetted library or framework that does not allow this weakness to occur or provides constructs that make this weakness easier to avoid.
For example, use anti-CSRF packages such as the OWASP CSRFGuard.

Phase: Implementation
Ensure that your application is free of cross-site scripting issues, because most CSRF defenses can be bypassed using attacker-controlled script.

Phase: Architecture and Design
Generate a unique nonce for each form, place the nonce into the form, and verify the nonce upon receipt of the form. Be sure that the nonce is not predictable (CWE-330).
Note that this can be bypassed using XSS.

Identify especially dangerous operations. When the user performs a dangerous operation, send a separate confirmation request to ensure that the user intended to perform that operation.
Note that this can be bypassed using XSS.

Use the ESAPI Session Management control.
This control includes a component for CSRF.

Do not use the GET method for any request that triggers a state change.

Phase: Implementation
Check the HTTP Referer header to see if the request originated from an expected page. This could break legitimate functionality, because users or proxies may have disabled sending the Referer for privacy reasons."
Missing Anti-clickjacking Header,Medium,http://testphp.vulnweb.com/product.php?pic=1,The response does not protect against 'ClickJacking' attacks. It should include either Content-Security-Policy with 'frame-ancestors' directive or X-Frame-Options.,"Modern Web browsers support the Content-Security-Policy and X-Frame-Options HTTP headers. Ensure one of them is set on all web pages returned by your site/app.
If you expect the page to be framed only by pages on your server (e.g. it's part of a FRAMESET) then you'll want to use SAMEORIGIN, otherwise if you never expect the page to be framed, you should use DENY. Alternatively consider implementing Content Security Policy's ""frame-ancestors"" directive."
Absence of Anti-CSRF Tokens,Medium,http://testphp.vulnweb.com/guestbook.php,"No Anti-CSRF tokens were found in a HTML submission form.
A cross-site request forgery is an attack that involves forcing a victim to send an HTTP request to a target destination without their knowledge or intent in order to perform an action as the victim. The underlying cause is application functionality using predictable URL/form actions in a repeatable way. The nature of the attack is that CSRF exploits the trust that a web site has for a user. By contrast, cross-site scripting (XSS) exploits the trust that a user has for a web site. Like XSS, CSRF attacks are not necessarily cross-site, but they can be. Cross-site request forgery is also known as CSRF, XSRF, one-click attack, session riding, confused deputy, and sea surf.

CSRF attacks are effective in a number of situations, including:
    * The victim has an active session on the target site.
    * The victim is authenticated via HTTP auth on the target site.
    * The victim is on the same local network as the target site.

CSRF has primarily been used to perform an action against a target site using the victim's privileges, but recent techniques have been discovered to disclose information by gaining access to the response. The risk of information disclosure is dramatically increased when the target site is vulnerable to XSS, because XSS can be used as a platform for CSRF, allowing the attack to operate within the bounds of the same-origin policy.","Phase: Architecture and Design
Use a vetted library or framework that does not allow this weakness to occur or provides constructs that make this weakness easier to avoid.
For example, use anti-CSRF packages such as the OWASP CSRFGuard.

Phase: Implementation
Ensure that your application is free of cross-site scripting issues, because most CSRF defenses can be bypassed using attacker-controlled script.

Phase: Architecture and Design
Generate a unique nonce for each form, place the nonce into the form, and verify the nonce upon receipt of the form. Be sure that the nonce is not predictable (CWE-330).
Note that this can be bypassed using XSS.

Identify especially dangerous operations. When the user performs a dangerous operation, send a separate confirmation request to ensure that the user intended to perform that operation.
Note that this can be bypassed using XSS.

Use the ESAPI Session Management control.
This control includes a component for CSRF.

Do not use the GET method for any request that triggers a state change.

Phase: Implementation
Check the HTTP Referer header to see if the request originated from an expected page. This could break legitimate functionality, because users or proxies may have disabled sending the Referer for privacy reasons."
Charset Mismatch (Header Versus Meta Content-Type Charset),Informational,http://testphp.vulnweb.com/product.php?pic=2,"This check identifies responses where the HTTP Content-Type header declares a charset different from the charset defined by the body of the HTML or XML. When there's a charset mismatch between the HTTP header and content body Web browsers can be forced into an undesirable content-sniffing mode to determine the content's correct character set.

An attacker could manipulate content on the page to be interpreted in an encoding of their choice. For example, if an attacker can control content at the beginning of the page, they could inject script using UTF-7 encoded text and manipulate some browsers into interpreting that text.",Force UTF-8 for all text content in both the HTTP header and meta tags in HTML or encoding declarations in XML.
"Server Leaks Version Information via ""Server"" HTTP Response Header Field",Low,http://testphp.vulnweb.com/showimage.php?file=./pictures/1.jpg,"The web/application server is leaking version information via the ""Server"" HTTP response header. Access to such information may facilitate attackers identifying other vulnerabilities your web/application server is subject to.","Ensure that your web server, application server, load balancer, etc. is configured to suppress the ""Server"" header or provide generic details."
Content Security Policy (CSP) Header Not Set,Medium,http://testphp.vulnweb.com/product.php?pic=2,"Content Security Policy (CSP) is an added layer of security that helps to detect and mitigate certain types of attacks, including Cross Site Scripting (XSS) and data injection attacks. These attacks are used for everything from data theft to site defacement or distribution of malware. CSP provides a set of standard HTTP headers that allow website owners to declare approved sources of content that browsers should be allowed to load on that page — covered types are JavaScript, CSS, HTML frames, fonts, images and embeddable objects such as Java applets, ActiveX, audio and video files.","Ensure that your web server, application server, load balancer, etc. is configured to set the Content-Security-Policy header."
X-Content-Type-Options Header Missing,Low,http://testphp.vulnweb.com/showimage.php?file=./pictures/1.jpg,"The Anti-MIME-Sniffing header X-Content-Type-Options was not set to 'nosniff'. This allows older versions of Internet Explorer and Chrome to perform MIME-sniffing on the response body, potentially causing the response body to be interpreted and displayed as a content type other than the declared content type. Current (early 2014) and legacy versions of Firefox will use the declared content type (if one is set), rather than performing MIME-sniffing.","Ensure that the application/web server sets the Content-Type header appropriately, and that it sets the X-Content-Type-Options header to 'nosniff' for all web pages.
If possible, ensure that the end user uses a standards-compliant and modern web browser that does not perform MIME-sniffing at all, or that can be directed by the web application/web server to not perform MIME-sniffing."
"Server Leaks Version Information via ""Server"" HTTP Response Header Field",Low,http://testphp.vulnweb.com/guestbook.php,"The web/application server is leaking version information via the ""Server"" HTTP response header. Access to such information may facilitate attackers identifying other vulnerabilities your web/application server is subject to.","Ensure that your web server, application server, load balancer, etc. is configured to suppress the ""Server"" header or provide generic details."
"Server Leaks Information via ""X-Powered-By"" HTTP Response Header Field(s)",Low,http://testphp.vulnweb.com/showimage.php?file=./pictures/1.jpg,"The web/application server is leaking information via one or more ""X-Powered-By"" HTTP response headers. Access to such information may facilitate attackers identifying other frameworks/components your web application is reliant upon and the vulnerabilities such components may be subject to.","Ensure that your web server, application server, load balancer, etc. is configured to suppress ""X-Powered-By"" headers."
Absence of Anti-CSRF Tokens,Medium,http://testphp.vulnweb.com/product.php?pic=2,"No Anti-CSRF tokens were found in a HTML submission form.
A cross-site request forgery is an attack that involves forcing a victim to send an HTTP request to a target destination without their knowledge or intent in order to perform an action as the victim. The underlying cause is application functionality using predictable URL/form actions in a repeatable way. The nature of the attack is that CSRF exploits the trust that a web site has for a user. By contrast, cross-site scripting (XSS) exploits the trust that a user has for a web site. Like XSS, CSRF attacks are not necessarily cross-site, but they can be. Cross-site request forgery is also known as CSRF, XSRF, one-click attack, session riding, confused deputy, and sea surf.

CSRF attacks are effective in a number of situations, including:
    * The victim has an active session on the target site.
    * The victim is authenticated via HTTP auth on the target site.
    * The victim is on the same local network as the target site.

CSRF has primarily been used to perform an action against a target site using the victim's privileges, but recent techniques have been discovered to disclose information by gaining access to the response. The risk of information disclosure is dramatically increased when the target site is vulnerable to XSS, because XSS can be used as a platform for CSRF, allowing the attack to operate within the bounds of the same-origin policy.","Phase: Architecture and Design
Use a vetted library or framework that does not allow this weakness to occur or provides constructs that make this weakness easier to avoid.
For example, use anti-CSRF packages such as the OWASP CSRFGuard.

Phase: Implementation
Ensure that your application is free of cross-site scripting issues, because most CSRF defenses can be bypassed using attacker-controlled script.

Phase: Architecture and Design
Generate a unique nonce for each form, place the nonce into the form, and verify the nonce upon receipt of the form. Be sure that the nonce is not predictable (CWE-330).
Note that this can be bypassed using XSS.

Identify especially dangerous operations. When the user performs a dangerous operation, send a separate confirmation request to ensure that the user intended to perform that operation.
Note that this can be bypassed using XSS.

Use the ESAPI Session Management control.
This control includes a component for CSRF.

Do not use the GET method for any request that triggers a state change.

Phase: Implementation
Check the HTTP Referer header to see if the request originated from an expected page. This could break legitimate functionality, because users or proxies may have disabled sending the Referer for privacy reasons."
User Controllable HTML Element Attribute (Potential XSS),Informational,http://testphp.vulnweb.com/guestbook.php,This check looks at user-supplied input in query string parameters and POST data to identify where certain HTML attribute values might be controlled. This provides hot-spot detection for XSS (cross-site scripting) that will require further review by a security analyst to determine exploitability.,Validate all input and sanitize output it before writing to any HTML attributes.
Charset Mismatch (Header Versus Meta Content-Type Charset),Informational,http://testphp.vulnweb.com/product.php?pic=1,"This check identifies responses where the HTTP Content-Type header declares a charset different from the charset defined by the body of the HTML or XML. When there's a charset mismatch between the HTTP header and content body Web browsers can be forced into an undesirable content-sniffing mode to determine the content's correct character set.

An attacker could manipulate content on the page to be interpreted in an encoding of their choice. For example, if an attacker can control content at the beginning of the page, they could inject script using UTF-7 encoded text and manipulate some browsers into interpreting that text.",Force UTF-8 for all text content in both the HTTP header and meta tags in HTML or encoding declarations in XML.
Absence of Anti-CSRF Tokens,Medium,http://testphp.vulnweb.com/product.php?pic=2,"No Anti-CSRF tokens were found in a HTML submission form.
A cross-site request forgery is an attack that involves forcing a victim to send an HTTP request to a target destination without their knowledge or intent in order to perform an action as the victim. The underlying cause is application functionality using predictable URL/form actions in a repeatable way. The nature of the attack is that CSRF exploits the trust that a web site has for a user. By contrast, cross-site scripting (XSS) exploits the trust that a user has for a web site. Like XSS, CSRF attacks are not necessarily cross-site, but they can be. Cross-site request forgery is also known as CSRF, XSRF, one-click attack, session riding, confused deputy, and sea surf.

CSRF attacks are effective in a number of situations, including:
    * The victim has an active session on the target site.
    * The victim is authenticated via HTTP auth on the target site.
    * The victim is on the same local network as the target site.

CSRF has primarily been used to perform an action against a target site using the victim's privileges, but recent techniques have been discovered to disclose information by gaining access to the response. The risk of information disclosure is dramatically increased when the target site is vulnerable to XSS, because XSS can be used as a platform for CSRF, allowing the attack to operate within the bounds of the same-origin policy.","Phase: Architecture and Design
Use a vetted library or framework that does not allow this weakness to occur or provides constructs that make this weakness easier to avoid.
For example, use anti-CSRF packages such as the OWASP CSRFGuard.

Phase: Implementation
Ensure that your application is free of cross-site scripting issues, because most CSRF defenses can be bypassed using attacker-controlled script.

Phase: Architecture and Design
Generate a unique nonce for each form, place the nonce into the form, and verify the nonce upon receipt of the form. Be sure that the nonce is not predictable (CWE-330).
Note that this can be bypassed using XSS.

Identify especially dangerous operations. When the user performs a dangerous operation, send a separate confirmation request to ensure that the user intended to perform that operation.
Note that this can be bypassed using XSS.

Use the ESAPI Session Management control.
This control includes a component for CSRF.

Do not use the GET method for any request that triggers a state change.

Phase: Implementation
Check the HTTP Referer header to see if the request originated from an expected page. This could break legitimate functionality, because users or proxies may have disabled sending the Referer for privacy reasons."
Content Security Policy (CSP) Header Not Set,Medium,http://testphp.vulnweb.com/product.php?pic=1,"Content Security Policy (CSP) is an added layer of security that helps to detect and mitigate certain types of attacks, including Cross Site Scripting (XSS) and data injection attacks. These attacks are used for everything from data theft to site defacement or distribution of malware. CSP provides a set of standard HTTP headers that allow website owners to declare approved sources of content that browsers should be allowed to load on that page — covered types are JavaScript, CSS, HTML frames, fonts, images and embeddable objects such as Java applets, ActiveX, audio and video files.","Ensure that your web server, application server, load balancer, etc. is configured to set the Content-Security-Policy header."
Absence of Anti-CSRF Tokens,Medium,http://testphp.vulnweb.com/product.php?pic=1,"No Anti-CSRF tokens were found in a HTML submission form.
A cross-site request forgery is an attack that involves forcing a victim to send an HTTP request to a target destination without their knowledge or intent in order to perform an action as the victim. The underlying cause is application functionality using predictable URL/form actions in a repeatable way. The nature of the attack is that CSRF exploits the trust that a web site has for a user. By contrast, cross-site scripting (XSS) exploits the trust that a user has for a web site. Like XSS, CSRF attacks are not necessarily cross-site, but they can be. Cross-site request forgery is also known as CSRF, XSRF, one-click attack, session riding, confused deputy, and sea surf.

CSRF attacks are effective in a number of situations, including:
    * The victim has an active session on the target site.
    * The victim is authenticated via HTTP auth on the target site.
    * The victim is on the same local network as the target site.

CSRF has primarily been used to perform an action against a target site using the victim's privileges, but recent techniques have been discovered to disclose information by gaining access to the response. The risk of information disclosure is dramatically increased when the target site is vulnerable to XSS, because XSS can be used as a platform for CSRF, allowing the attack to operate within the bounds of the same-origin policy.","Phase: Architecture and Design
Use a vetted library or framework that does not allow this weakness to occur or provides constructs that make this weakness easier to avoid.
For example, use anti-CSRF packages such as the OWASP CSRFGuard.

Phase: Implementation
Ensure that your application is free of cross-site scripting issues, because most CSRF defenses can be bypassed using attacker-controlled script.

Phase: Architecture and Design
Generate a unique nonce for each form, place the nonce into the form, and verify the nonce upon receipt of the form. Be sure that the nonce is not predictable (CWE-330).
Note that this can be bypassed using XSS.

Identify especially dangerous operations. When the user performs a dangerous operation, send a separate confirmation request to ensure that the user intended to perform that operation.
Note that this can be bypassed using XSS.

Use the ESAPI Session Management control.
This control includes a component for CSRF.

Do not use the GET method for any request that triggers a state change.

Phase: Implementation
Check the HTTP Referer header to see if the request originated from an expected page. This could break legitimate functionality, because users or proxies may have disabled sending the Referer for privacy reasons."
X-Content-Type-Options Header Missing,Low,http://testphp.vulnweb.com/guestbook.php,"The Anti-MIME-Sniffing header X-Content-Type-Options was not set to 'nosniff'. This allows older versions of Internet Explorer and Chrome to perform MIME-sniffing on the response body, potentially causing the response body to be interpreted and displayed as a content type other than the declared content type. Current (early 2014) and legacy versions of Firefox will use the declared content type (if one is set), rather than performing MIME-sniffing.","Ensure that the application/web server sets the Content-Type header appropriately, and that it sets the X-Content-Type-Options header to 'nosniff' for all web pages.
If possible, ensure that the end user uses a standards-compliant and modern web browser that does not perform MIME-sniffing at all, or that can be directed by the web application/web server to not perform MIME-sniffing."
"Server Leaks Information via ""X-Powered-By"" HTTP Response Header Field(s)",Low,http://testphp.vulnweb.com/guestbook.php,"The web/application server is leaking information via one or more ""X-Powered-By"" HTTP response headers. Access to such information may facilitate attackers identifying other frameworks/components your web application is reliant upon and the vulnerabilities such components may be subject to.","Ensure that your web server, application server, load balancer, etc. is configured to suppress ""X-Powered-By"" headers."
Absence of Anti-CSRF Tokens,Medium,http://testphp.vulnweb.com/product.php?pic=1,"No Anti-CSRF tokens were found in a HTML submission form.
A cross-site request forgery is an attack that involves forcing a victim to send an HTTP request to a target destination without their knowledge or intent in order to perform an action as the victim. The underlying cause is application functionality using predictable URL/form actions in a repeatable way. The nature of the attack is that CSRF exploits the trust that a web site has for a user. By contrast, cross-site scripting (XSS) exploits the trust that a user has for a web site. Like XSS, CSRF attacks are not necessarily cross-site, but they can be. Cross-site request forgery is also known as CSRF, XSRF, one-click attack, session riding, confused deputy, and sea surf.

CSRF attacks are effective in a number of situations, including:
    * The victim has an active session on the target site.
    * The victim is authenticated via HTTP auth on the target site.
    * The victim is on the same local network as the target site.

CSRF has primarily been used to perform an action against a target site using the victim's privileges, but recent techniques have been discovered to disclose information by gaining access to the response. The risk of information disclosure is dramatically increased when the target site is vulnerable to XSS, because XSS can be used as a platform for CSRF, allowing the attack to operate within the bounds of the same-origin policy.","Phase: Architecture and Design
Use a vetted library or framework that does not allow this weakness to occur or provides constructs that make this weakness easier to avoid.
For example, use anti-CSRF packages such as the OWASP CSRFGuard.

Phase: Implementation
Ensure that your application is free of cross-site scripting issues, because most CSRF defenses can be bypassed using attacker-controlled script.

Phase: Architecture and Design
Generate a unique nonce for each form, place the nonce into the form, and verify the nonce upon receipt of the form. Be sure that the nonce is not predictable (CWE-330).
Note that this can be bypassed using XSS.

Identify especially dangerous operations. When the user performs a dangerous operation, send a separate confirmation request to ensure that the user intended to perform that operation.
Note that this can be bypassed using XSS.

Use the ESAPI Session Management control.
This control includes a component for CSRF.

Do not use the GET method for any request that triggers a state change.

Phase: Implementation
Check the HTTP Referer header to see if the request originated from an expected page. This could break legitimate functionality, because users or proxies may have disabled sending the Referer for privacy reasons."
Missing Anti-clickjacking Header,Medium,http://testphp.vulnweb.com/product.php?pic=4,The response does not protect against 'ClickJacking' attacks. It should include either Content-Security-Policy with 'frame-ancestors' directive or X-Frame-Options.,"Modern Web browsers support the Content-Security-Policy and X-Frame-Options HTTP headers. Ensure one of them is set on all web pages returned by your site/app.
If you expect the page to be framed only by pages on your server (e.g. it's part of a FRAMESET) then you'll want to use SAMEORIGIN, otherwise if you never expect the page to be framed, you should use DENY. Alternatively consider implementing Content Security Policy's ""frame-ancestors"" directive."
"Server Leaks Version Information via ""Server"" HTTP Response Header Field",Low,http://testphp.vulnweb.com/product.php?pic=2,"The web/application server is leaking version information via the ""Server"" HTTP response header. Access to such information may facilitate attackers identifying other vulnerabilities your web/application server is subject to.","Ensure that your web server, application server, load balancer, etc. is configured to suppress the ""Server"" header or provide generic details."
Missing Anti-clickjacking Header,Medium,http://testphp.vulnweb.com/product.php?pic=3,The response does not protect against 'ClickJacking' attacks. It should include either Content-Security-Policy with 'frame-ancestors' directive or X-Frame-Options.,"Modern Web browsers support the Content-Security-Policy and X-Frame-Options HTTP headers. Ensure one of them is set on all web pages returned by your site/app.
If you expect the page to be framed only by pages on your server (e.g. it's part of a FRAMESET) then you'll want to use SAMEORIGIN, otherwise if you never expect the page to be framed, you should use DENY. Alternatively consider implementing Content Security Policy's ""frame-ancestors"" directive."
"Server Leaks Version Information via ""Server"" HTTP Response Header Field",Low,http://testphp.vulnweb.com/product.php?pic=1,"The web/application server is leaking version information via the ""Server"" HTTP response header. Access to such information may facilitate attackers identifying other vulnerabilities your web/application server is subject to.","Ensure that your web server, application server, load balancer, etc. is configured to suppress the ""Server"" header or provide generic details."
X-Content-Type-Options Header Missing,Low,http://testphp.vulnweb.com/product.php?pic=2,"The Anti-MIME-Sniffing header X-Content-Type-Options was not set to 'nosniff'. This allows older versions of Internet Explorer and Chrome to perform MIME-sniffing on the response body, potentially causing the response body to be interpreted and displayed as a content type other than the declared content type. Current (early 2014) and legacy versions of Firefox will use the declared content type (if one is set), rather than performing MIME-sniffing.","Ensure that the application/web server sets the Content-Type header appropriately, and that it sets the X-Content-Type-Options header to 'nosniff' for all web pages.
If possible, ensure that the end user uses a standards-compliant and modern web browser that does not perform MIME-sniffing at all, or that can be directed by the web application/web server to not perform MIME-sniffing."
"Server Leaks Information via ""X-Powered-By"" HTTP Response Header Field(s)",Low,http://testphp.vulnweb.com/product.php?pic=2,"The web/application server is leaking information via one or more ""X-Powered-By"" HTTP response headers. Access to such information may facilitate attackers identifying other frameworks/components your web application is reliant upon and the vulnerabilities such components may be subject to.","Ensure that your web server, application server, load balancer, etc. is configured to suppress ""X-Powered-By"" headers."
X-Content-Type-Options Header Missing,Low,http://testphp.vulnweb.com/product.php?pic=1,"The Anti-MIME-Sniffing header X-Content-Type-Options was not set to 'nosniff'. This allows older versions of Internet Explorer and Chrome to perform MIME-sniffing on the response body, potentially causing the response body to be interpreted and displayed as a content type other than the declared content type. Current (early 2014) and legacy versions of Firefox will use the declared content type (if one is set), rather than performing MIME-sniffing.","Ensure that the application/web server sets the Content-Type header appropriately, and that it sets the X-Content-Type-Options header to 'nosniff' for all web pages.
If possible, ensure that the end user uses a standards-compliant and modern web browser that does not perform MIME-sniffing at all, or that can be directed by the web application/web server to not perform MIME-sniffing."
Charset Mismatch (Header Versus Meta Content-Type Charset),Informational,http://testphp.vulnweb.com/product.php?pic=4,"This check identifies responses where the HTTP Content-Type header declares a charset different from the charset defined by the body of the HTML or XML. When there's a charset mismatch between the HTTP header and content body Web browsers can be forced into an undesirable content-sniffing mode to determine the content's correct character set.

An attacker could manipulate content on the page to be interpreted in an encoding of their choice. For example, if an attacker can control content at the beginning of the page, they could inject script using UTF-7 encoded text and manipulate some browsers into interpreting that text.",Force UTF-8 for all text content in both the HTTP header and meta tags in HTML or encoding declarations in XML.
Content Security Policy (CSP) Header Not Set,Medium,http://testphp.vulnweb.com/product.php?pic=4,"Content Security Policy (CSP) is an added layer of security that helps to detect and mitigate certain types of attacks, including Cross Site Scripting (XSS) and data injection attacks. These attacks are used for everything from data theft to site defacement or distribution of malware. CSP provides a set of standard HTTP headers that allow website owners to declare approved sources of content that browsers should be allowed to load on that page — covered types are JavaScript, CSS, HTML frames, fonts, images and embeddable objects such as Java applets, ActiveX, audio and video files.","Ensure that your web server, application server, load balancer, etc. is configured to set the Content-Security-Policy header."
"Server Leaks Information via ""X-Powered-By"" HTTP Response Header Field(s)",Low,http://testphp.vulnweb.com/product.php?pic=1,"The web/application server is leaking information via one or more ""X-Powered-By"" HTTP response headers. Access to such information may facilitate attackers identifying other frameworks/components your web application is reliant upon and the vulnerabilities such components may be subject to.","Ensure that your web server, application server, load balancer, etc. is configured to suppress ""X-Powered-By"" headers."
Charset Mismatch (Header Versus Meta Content-Type Charset),Informational,http://testphp.vulnweb.com/product.php?pic=3,"This check identifies responses where the HTTP Content-Type header declares a charset different from the charset defined by the body of the HTML or XML. When there's a charset mismatch between the HTTP header and content body Web browsers can be forced into an undesirable content-sniffing mode to determine the content's correct character set.

An attacker could manipulate content on the page to be interpreted in an encoding of their choice. For example, if an attacker can control content at the beginning of the page, they could inject script using UTF-7 encoded text and manipulate some browsers into interpreting that text.",Force UTF-8 for all text content in both the HTTP header and meta tags in HTML or encoding declarations in XML.
Absence of Anti-CSRF Tokens,Medium,http://testphp.vulnweb.com/product.php?pic=4,"No Anti-CSRF tokens were found in a HTML submission form.
A cross-site request forgery is an attack that involves forcing a victim to send an HTTP request to a target destination without their knowledge or intent in order to perform an action as the victim. The underlying cause is application functionality using predictable URL/form actions in a repeatable way. The nature of the attack is that CSRF exploits the trust that a web site has for a user. By contrast, cross-site scripting (XSS) exploits the trust that a user has for a web site. Like XSS, CSRF attacks are not necessarily cross-site, but they can be. Cross-site request forgery is also known as CSRF, XSRF, one-click attack, session riding, confused deputy, and sea surf.

CSRF attacks are effective in a number of situations, including:
    * The victim has an active session on the target site.
    * The victim is authenticated via HTTP auth on the target site.
    * The victim is on the same local network as the target site.

CSRF has primarily been used to perform an action against a target site using the victim's privileges, but recent techniques have been discovered to disclose information by gaining access to the response. The risk of information disclosure is dramatically increased when the target site is vulnerable to XSS, because XSS can be used as a platform for CSRF, allowing the attack to operate within the bounds of the same-origin policy.","Phase: Architecture and Design
Use a vetted library or framework that does not allow this weakness to occur or provides constructs that make this weakness easier to avoid.
For example, use anti-CSRF packages such as the OWASP CSRFGuard.

Phase: Implementation
Ensure that your application is free of cross-site scripting issues, because most CSRF defenses can be bypassed using attacker-controlled script.

Phase: Architecture and Design
Generate a unique nonce for each form, place the nonce into the form, and verify the nonce upon receipt of the form. Be sure that the nonce is not predictable (CWE-330).
Note that this can be bypassed using XSS.

Identify especially dangerous operations. When the user performs a dangerous operation, send a separate confirmation request to ensure that the user intended to perform that operation.
Note that this can be bypassed using XSS.

Use the ESAPI Session Management control.
This control includes a component for CSRF.

Do not use the GET method for any request that triggers a state change.

Phase: Implementation
Check the HTTP Referer header to see if the request originated from an expected page. This could break legitimate functionality, because users or proxies may have disabled sending the Referer for privacy reasons."
Absence of Anti-CSRF Tokens,Medium,http://testphp.vulnweb.com/product.php?pic=4,"No Anti-CSRF tokens were found in a HTML submission form.
A cross-site request forgery is an attack that involves forcing a victim to send an HTTP request to a target destination without their knowledge or intent in order to perform an action as the victim. The underlying cause is application functionality using predictable URL/form actions in a repeatable way. The nature of the attack is that CSRF exploits the trust that a web site has for a user. By contrast, cross-site scripting (XSS) exploits the trust that a user has for a web site. Like XSS, CSRF attacks are not necessarily cross-site, but they can be. Cross-site request forgery is also known as CSRF, XSRF, one-click attack, session riding, confused deputy, and sea surf.

CSRF attacks are effective in a number of situations, including:
    * The victim has an active session on the target site.
    * The victim is authenticated via HTTP auth on the target site.
    * The victim is on the same local network as the target site.

CSRF has primarily been used to perform an action against a target site using the victim's privileges, but recent techniques have been discovered to disclose information by gaining access to the response. The risk of information disclosure is dramatically increased when the target site is vulnerable to XSS, because XSS can be used as a platform for CSRF, allowing the attack to operate within the bounds of the same-origin policy.","Phase: Architecture and Design
Use a vetted library or framework that does not allow this weakness to occur or provides constructs that make this weakness easier to avoid.
For example, use anti-CSRF packages such as the OWASP CSRFGuard.

Phase: Implementation
Ensure that your application is free of cross-site scripting issues, because most CSRF defenses can be bypassed using attacker-controlled script.

Phase: Architecture and Design
Generate a unique nonce for each form, place the nonce into the form, and verify the nonce upon receipt of the form. Be sure that the nonce is not predictable (CWE-330).
Note that this can be bypassed using XSS.

Identify especially dangerous operations. When the user performs a dangerous operation, send a separate confirmation request to ensure that the user intended to perform that operation.
Note that this can be bypassed using XSS.

Use the ESAPI Session Management control.
This control includes a component for CSRF.

Do not use the GET method for any request that triggers a state change.

Phase: Implementation
Check the HTTP Referer header to see if the request originated from an expected page. This could break legitimate functionality, because users or proxies may have disabled sending the Referer for privacy reasons."
Content Security Policy (CSP) Header Not Set,Medium,http://testphp.vulnweb.com/product.php?pic=3,"Content Security Policy (CSP) is an added layer of security that helps to detect and mitigate certain types of attacks, including Cross Site Scripting (XSS) and data injection attacks. These attacks are used for everything from data theft to site defacement or distribution of malware. CSP provides a set of standard HTTP headers that allow website owners to declare approved sources of content that browsers should be allowed to load on that page — covered types are JavaScript, CSS, HTML frames, fonts, images and embeddable objects such as Java applets, ActiveX, audio and video files.","Ensure that your web server, application server, load balancer, etc. is configured to set the Content-Security-Policy header."
"Server Leaks Version Information via ""Server"" HTTP Response Header Field",Low,http://testphp.vulnweb.com/showimage.php?file=./pictures/3.jpg,"The web/application server is leaking version information via the ""Server"" HTTP response header. Access to such information may facilitate attackers identifying other vulnerabilities your web/application server is subject to.","Ensure that your web server, application server, load balancer, etc. is configured to suppress the ""Server"" header or provide generic details."
X-Content-Type-Options Header Missing,Low,http://testphp.vulnweb.com/showimage.php?file=./pictures/3.jpg,"The Anti-MIME-Sniffing header X-Content-Type-Options was not set to 'nosniff'. This allows older versions of Internet Explorer and Chrome to perform MIME-sniffing on the response body, potentially causing the response body to be interpreted and displayed as a content type other than the declared content type. Current (early 2014) and legacy versions of Firefox will use the declared content type (if one is set), rather than performing MIME-sniffing.","Ensure that the application/web server sets the Content-Type header appropriately, and that it sets the X-Content-Type-Options header to 'nosniff' for all web pages.
If possible, ensure that the end user uses a standards-compliant and modern web browser that does not perform MIME-sniffing at all, or that can be directed by the web application/web server to not perform MIME-sniffing."
"Server Leaks Version Information via ""Server"" HTTP Response Header Field",Low,http://testphp.vulnweb.com/showimage.php?file=./pictures/4.jpg,"The web/application server is leaking version information via the ""Server"" HTTP response header. Access to such information may facilitate attackers identifying other vulnerabilities your web/application server is subject to.","Ensure that your web server, application server, load balancer, etc. is configured to suppress the ""Server"" header or provide generic details."
Absence of Anti-CSRF Tokens,Medium,http://testphp.vulnweb.com/product.php?pic=3,"No Anti-CSRF tokens were found in a HTML submission form.
A cross-site request forgery is an attack that involves forcing a victim to send an HTTP request to a target destination without their knowledge or intent in order to perform an action as the victim. The underlying cause is application functionality using predictable URL/form actions in a repeatable way. The nature of the attack is that CSRF exploits the trust that a web site has for a user. By contrast, cross-site scripting (XSS) exploits the trust that a user has for a web site. Like XSS, CSRF attacks are not necessarily cross-site, but they can be. Cross-site request forgery is also known as CSRF, XSRF, one-click attack, session riding, confused deputy, and sea surf.

CSRF attacks are effective in a number of situations, including:
    * The victim has an active session on the target site.
    * The victim is authenticated via HTTP auth on the target site.
    * The victim is on the same local network as the target site.

CSRF has primarily been used to perform an action against a target site using the victim's privileges, but recent techniques have been discovered to disclose information by gaining access to the response. The risk of information disclosure is dramatically increased when the target site is vulnerable to XSS, because XSS can be used as a platform for CSRF, allowing the attack to operate within the bounds of the same-origin policy.","Phase: Architecture and Design
Use a vetted library or framework that does not allow this weakness to occur or provides constructs that make this weakness easier to avoid.
For example, use anti-CSRF packages such as the OWASP CSRFGuard.

Phase: Implementation
Ensure that your application is free of cross-site scripting issues, because most CSRF defenses can be bypassed using attacker-controlled script.

Phase: Architecture and Design
Generate a unique nonce for each form, place the nonce into the form, and verify the nonce upon receipt of the form. Be sure that the nonce is not predictable (CWE-330).
Note that this can be bypassed using XSS.

Identify especially dangerous operations. When the user performs a dangerous operation, send a separate confirmation request to ensure that the user intended to perform that operation.
Note that this can be bypassed using XSS.

Use the ESAPI Session Management control.
This control includes a component for CSRF.

Do not use the GET method for any request that triggers a state change.

Phase: Implementation
Check the HTTP Referer header to see if the request originated from an expected page. This could break legitimate functionality, because users or proxies may have disabled sending the Referer for privacy reasons."
"Server Leaks Information via ""X-Powered-By"" HTTP Response Header Field(s)",Low,http://testphp.vulnweb.com/showimage.php?file=./pictures/3.jpg,"The web/application server is leaking information via one or more ""X-Powered-By"" HTTP response headers. Access to such information may facilitate attackers identifying other frameworks/components your web application is reliant upon and the vulnerabilities such components may be subject to.","Ensure that your web server, application server, load balancer, etc. is configured to suppress ""X-Powered-By"" headers."
"Server Leaks Version Information via ""Server"" HTTP Response Header Field",Low,http://testphp.vulnweb.com/product.php?pic=4,"The web/application server is leaking version information via the ""Server"" HTTP response header. Access to such information may facilitate attackers identifying other vulnerabilities your web/application server is subject to.","Ensure that your web server, application server, load balancer, etc. is configured to suppress the ""Server"" header or provide generic details."
X-Content-Type-Options Header Missing,Low,http://testphp.vulnweb.com/showimage.php?file=./pictures/4.jpg,"The Anti-MIME-Sniffing header X-Content-Type-Options was not set to 'nosniff'. This allows older versions of Internet Explorer and Chrome to perform MIME-sniffing on the response body, potentially causing the response body to be interpreted and displayed as a content type other than the declared content type. Current (early 2014) and legacy versions of Firefox will use the declared content type (if one is set), rather than performing MIME-sniffing.","Ensure that the application/web server sets the Content-Type header appropriately, and that it sets the X-Content-Type-Options header to 'nosniff' for all web pages.
If possible, ensure that the end user uses a standards-compliant and modern web browser that does not perform MIME-sniffing at all, or that can be directed by the web application/web server to not perform MIME-sniffing."
"Server Leaks Information via ""X-Powered-By"" HTTP Response Header Field(s)",Low,http://testphp.vulnweb.com/showimage.php?file=./pictures/4.jpg,"The web/application server is leaking information via one or more ""X-Powered-By"" HTTP response headers. Access to such information may facilitate attackers identifying other frameworks/components your web application is reliant upon and the vulnerabilities such components may be subject to.","Ensure that your web server, application server, load balancer, etc. is configured to suppress ""X-Powered-By"" headers."
Missing Anti-clickjacking Header,Medium,http://testphp.vulnweb.com/product.php?pic=5,The response does not protect against 'ClickJacking' attacks. It should include either Content-Security-Policy with 'frame-ancestors' directive or X-Frame-Options.,"Modern Web browsers support the Content-Security-Policy and X-Frame-Options HTTP headers. Ensure one of them is set on all web pages returned by your site/app.
If you expect the page to be framed only by pages on your server (e.g. it's part of a FRAMESET) then you'll want to use SAMEORIGIN, otherwise if you never expect the page to be framed, you should use DENY. Alternatively consider implementing Content Security Policy's ""frame-ancestors"" directive."
Absence of Anti-CSRF Tokens,Medium,http://testphp.vulnweb.com/product.php?pic=3,"No Anti-CSRF tokens were found in a HTML submission form.
A cross-site request forgery is an attack that involves forcing a victim to send an HTTP request to a target destination without their knowledge or intent in order to perform an action as the victim. The underlying cause is application functionality using predictable URL/form actions in a repeatable way. The nature of the attack is that CSRF exploits the trust that a web site has for a user. By contrast, cross-site scripting (XSS) exploits the trust that a user has for a web site. Like XSS, CSRF attacks are not necessarily cross-site, but they can be. Cross-site request forgery is also known as CSRF, XSRF, one-click attack, session riding, confused deputy, and sea surf.

CSRF attacks are effective in a number of situations, including:
    * The victim has an active session on the target site.
    * The victim is authenticated via HTTP auth on the target site.
    * The victim is on the same local network as the target site.

CSRF has primarily been used to perform an action against a target site using the victim's privileges, but recent techniques have been discovered to disclose information by gaining access to the response. The risk of information disclosure is dramatically increased when the target site is vulnerable to XSS, because XSS can be used as a platform for CSRF, allowing the attack to operate within the bounds of the same-origin policy.","Phase: Architecture and Design
Use a vetted library or framework that does not allow this weakness to occur or provides constructs that make this weakness easier to avoid.
For example, use anti-CSRF packages such as the OWASP CSRFGuard.

Phase: Implementation
Ensure that your application is free of cross-site scripting issues, because most CSRF defenses can be bypassed using attacker-controlled script.

Phase: Architecture and Design
Generate a unique nonce for each form, place the nonce into the form, and verify the nonce upon receipt of the form. Be sure that the nonce is not predictable (CWE-330).
Note that this can be bypassed using XSS.

Identify especially dangerous operations. When the user performs a dangerous operation, send a separate confirmation request to ensure that the user intended to perform that operation.
Note that this can be bypassed using XSS.

Use the ESAPI Session Management control.
This control includes a component for CSRF.

Do not use the GET method for any request that triggers a state change.

Phase: Implementation
Check the HTTP Referer header to see if the request originated from an expected page. This could break legitimate functionality, because users or proxies may have disabled sending the Referer for privacy reasons."
X-Content-Type-Options Header Missing,Low,http://testphp.vulnweb.com/product.php?pic=4,"The Anti-MIME-Sniffing header X-Content-Type-Options was not set to 'nosniff'. This allows older versions of Internet Explorer and Chrome to perform MIME-sniffing on the response body, potentially causing the response body to be interpreted and displayed as a content type other than the declared content type. Current (early 2014) and legacy versions of Firefox will use the declared content type (if one is set), rather than performing MIME-sniffing.","Ensure that the application/web server sets the Content-Type header appropriately, and that it sets the X-Content-Type-Options header to 'nosniff' for all web pages.
If possible, ensure that the end user uses a standards-compliant and modern web browser that does not perform MIME-sniffing at all, or that can be directed by the web application/web server to not perform MIME-sniffing."
"Server Leaks Information via ""X-Powered-By"" HTTP Response Header Field(s)",Low,http://testphp.vulnweb.com/product.php?pic=4,"The web/application server is leaking information via one or more ""X-Powered-By"" HTTP response headers. Access to such information may facilitate attackers identifying other frameworks/components your web application is reliant upon and the vulnerabilities such components may be subject to.","Ensure that your web server, application server, load balancer, etc. is configured to suppress ""X-Powered-By"" headers."
Missing Anti-clickjacking Header,Medium,http://testphp.vulnweb.com/product.php?pic=7,The response does not protect against 'ClickJacking' attacks. It should include either Content-Security-Policy with 'frame-ancestors' directive or X-Frame-Options.,"Modern Web browsers support the Content-Security-Policy and X-Frame-Options HTTP headers. Ensure one of them is set on all web pages returned by your site/app.
If you expect the page to be framed only by pages on your server (e.g. it's part of a FRAMESET) then you'll want to use SAMEORIGIN, otherwise if you never expect the page to be framed, you should use DENY. Alternatively consider implementing Content Security Policy's ""frame-ancestors"" directive."
Charset Mismatch (Header Versus Meta Content-Type Charset),Informational,http://testphp.vulnweb.com/product.php?pic=5,"This check identifies responses where the HTTP Content-Type header declares a charset different from the charset defined by the body of the HTML or XML. When there's a charset mismatch between the HTTP header and content body Web browsers can be forced into an undesirable content-sniffing mode to determine the content's correct character set.

An attacker could manipulate content on the page to be interpreted in an encoding of their choice. For example, if an attacker can control content at the beginning of the page, they could inject script using UTF-7 encoded text and manipulate some browsers into interpreting that text.",Force UTF-8 for all text content in both the HTTP header and meta tags in HTML or encoding declarations in XML.
"Server Leaks Version Information via ""Server"" HTTP Response Header Field",Low,http://testphp.vulnweb.com/product.php?pic=3,"The web/application server is leaking version information via the ""Server"" HTTP response header. Access to such information may facilitate attackers identifying other vulnerabilities your web/application server is subject to.","Ensure that your web server, application server, load balancer, etc. is configured to suppress the ""Server"" header or provide generic details."
Content Security Policy (CSP) Header Not Set,Medium,http://testphp.vulnweb.com/product.php?pic=5,"Content Security Policy (CSP) is an added layer of security that helps to detect and mitigate certain types of attacks, including Cross Site Scripting (XSS) and data injection attacks. These attacks are used for everything from data theft to site defacement or distribution of malware. CSP provides a set of standard HTTP headers that allow website owners to declare approved sources of content that browsers should be allowed to load on that page — covered types are JavaScript, CSS, HTML frames, fonts, images and embeddable objects such as Java applets, ActiveX, audio and video files.","Ensure that your web server, application server, load balancer, etc. is configured to set the Content-Security-Policy header."
Absence of Anti-CSRF Tokens,Medium,http://testphp.vulnweb.com/product.php?pic=5,"No Anti-CSRF tokens were found in a HTML submission form.
A cross-site request forgery is an attack that involves forcing a victim to send an HTTP request to a target destination without their knowledge or intent in order to perform an action as the victim. The underlying cause is application functionality using predictable URL/form actions in a repeatable way. The nature of the attack is that CSRF exploits the trust that a web site has for a user. By contrast, cross-site scripting (XSS) exploits the trust that a user has for a web site. Like XSS, CSRF attacks are not necessarily cross-site, but they can be. Cross-site request forgery is also known as CSRF, XSRF, one-click attack, session riding, confused deputy, and sea surf.

CSRF attacks are effective in a number of situations, including:
    * The victim has an active session on the target site.
    * The victim is authenticated via HTTP auth on the target site.
    * The victim is on the same local network as the target site.

CSRF has primarily been used to perform an action against a target site using the victim's privileges, but recent techniques have been discovered to disclose information by gaining access to the response. The risk of information disclosure is dramatically increased when the target site is vulnerable to XSS, because XSS can be used as a platform for CSRF, allowing the attack to operate within the bounds of the same-origin policy.","Phase: Architecture and Design
Use a vetted library or framework that does not allow this weakness to occur or provides constructs that make this weakness easier to avoid.
For example, use anti-CSRF packages such as the OWASP CSRFGuard.

Phase: Implementation
Ensure that your application is free of cross-site scripting issues, because most CSRF defenses can be bypassed using attacker-controlled script.

Phase: Architecture and Design
Generate a unique nonce for each form, place the nonce into the form, and verify the nonce upon receipt of the form. Be sure that the nonce is not predictable (CWE-330).
Note that this can be bypassed using XSS.

Identify especially dangerous operations. When the user performs a dangerous operation, send a separate confirmation request to ensure that the user intended to perform that operation.
Note that this can be bypassed using XSS.

Use the ESAPI Session Management control.
This control includes a component for CSRF.

Do not use the GET method for any request that triggers a state change.

Phase: Implementation
Check the HTTP Referer header to see if the request originated from an expected page. This could break legitimate functionality, because users or proxies may have disabled sending the Referer for privacy reasons."
X-Content-Type-Options Header Missing,Low,http://testphp.vulnweb.com/product.php?pic=3,"The Anti-MIME-Sniffing header X-Content-Type-Options was not set to 'nosniff'. This allows older versions of Internet Explorer and Chrome to perform MIME-sniffing on the response body, potentially causing the response body to be interpreted and displayed as a content type other than the declared content type. Current (early 2014) and legacy versions of Firefox will use the declared content type (if one is set), rather than performing MIME-sniffing.","Ensure that the application/web server sets the Content-Type header appropriately, and that it sets the X-Content-Type-Options header to 'nosniff' for all web pages.
If possible, ensure that the end user uses a standards-compliant and modern web browser that does not perform MIME-sniffing at all, or that can be directed by the web application/web server to not perform MIME-sniffing."
Absence of Anti-CSRF Tokens,Medium,http://testphp.vulnweb.com/product.php?pic=5,"No Anti-CSRF tokens were found in a HTML submission form.
A cross-site request forgery is an attack that involves forcing a victim to send an HTTP request to a target destination without their knowledge or intent in order to perform an action as the victim. The underlying cause is application functionality using predictable URL/form actions in a repeatable way. The nature of the attack is that CSRF exploits the trust that a web site has for a user. By contrast, cross-site scripting (XSS) exploits the trust that a user has for a web site. Like XSS, CSRF attacks are not necessarily cross-site, but they can be. Cross-site request forgery is also known as CSRF, XSRF, one-click attack, session riding, confused deputy, and sea surf.

CSRF attacks are effective in a number of situations, including:
    * The victim has an active session on the target site.
    * The victim is authenticated via HTTP auth on the target site.
    * The victim is on the same local network as the target site.

CSRF has primarily been used to perform an action against a target site using the victim's privileges, but recent techniques have been discovered to disclose information by gaining access to the response. The risk of information disclosure is dramatically increased when the target site is vulnerable to XSS, because XSS can be used as a platform for CSRF, allowing the attack to operate within the bounds of the same-origin policy.","Phase: Architecture and Design
Use a vetted library or framework that does not allow this weakness to occur or provides constructs that make this weakness easier to avoid.
For example, use anti-CSRF packages such as the OWASP CSRFGuard.

Phase: Implementation
Ensure that your application is free of cross-site scripting issues, because most CSRF defenses can be bypassed using attacker-controlled script.

Phase: Architecture and Design
Generate a unique nonce for each form, place the nonce into the form, and verify the nonce upon receipt of the form. Be sure that the nonce is not predictable (CWE-330).
Note that this can be bypassed using XSS.

Identify especially dangerous operations. When the user performs a dangerous operation, send a separate confirmation request to ensure that the user intended to perform that operation.
Note that this can be bypassed using XSS.

Use the ESAPI Session Management control.
This control includes a component for CSRF.

Do not use the GET method for any request that triggers a state change.

Phase: Implementation
Check the HTTP Referer header to see if the request originated from an expected page. This could break legitimate functionality, because users or proxies may have disabled sending the Referer for privacy reasons."
Charset Mismatch (Header Versus Meta Content-Type Charset),Informational,http://testphp.vulnweb.com/product.php?pic=7,"This check identifies responses where the HTTP Content-Type header declares a charset different from the charset defined by the body of the HTML or XML. When there's a charset mismatch between the HTTP header and content body Web browsers can be forced into an undesirable content-sniffing mode to determine the content's correct character set.

An attacker could manipulate content on the page to be interpreted in an encoding of their choice. For example, if an attacker can control content at the beginning of the page, they could inject script using UTF-7 encoded text and manipulate some browsers into interpreting that text.",Force UTF-8 for all text content in both the HTTP header and meta tags in HTML or encoding declarations in XML.
Content Security Policy (CSP) Header Not Set,Medium,http://testphp.vulnweb.com/product.php?pic=7,"Content Security Policy (CSP) is an added layer of security that helps to detect and mitigate certain types of attacks, including Cross Site Scripting (XSS) and data injection attacks. These attacks are used for everything from data theft to site defacement or distribution of malware. CSP provides a set of standard HTTP headers that allow website owners to declare approved sources of content that browsers should be allowed to load on that page — covered types are JavaScript, CSS, HTML frames, fonts, images and embeddable objects such as Java applets, ActiveX, audio and video files.","Ensure that your web server, application server, load balancer, etc. is configured to set the Content-Security-Policy header."
"Server Leaks Information via ""X-Powered-By"" HTTP Response Header Field(s)",Low,http://testphp.vulnweb.com/product.php?pic=3,"The web/application server is leaking information via one or more ""X-Powered-By"" HTTP response headers. Access to such information may facilitate attackers identifying other frameworks/components your web application is reliant upon and the vulnerabilities such components may be subject to.","Ensure that your web server, application server, load balancer, etc. is configured to suppress ""X-Powered-By"" headers."
"Server Leaks Version Information via ""Server"" HTTP Response Header Field",Low,http://testphp.vulnweb.com/showimage.php?file=./pictures/1.jpg&size=160,"The web/application server is leaking version information via the ""Server"" HTTP response header. Access to such information may facilitate attackers identifying other vulnerabilities your web/application server is subject to.","Ensure that your web server, application server, load balancer, etc. is configured to suppress the ""Server"" header or provide generic details."
Absence of Anti-CSRF Tokens,Medium,http://testphp.vulnweb.com/product.php?pic=7,"No Anti-CSRF tokens were found in a HTML submission form.
A cross-site request forgery is an attack that involves forcing a victim to send an HTTP request to a target destination without their knowledge or intent in order to perform an action as the victim. The underlying cause is application functionality using predictable URL/form actions in a repeatable way. The nature of the attack is that CSRF exploits the trust that a web site has for a user. By contrast, cross-site scripting (XSS) exploits the trust that a user has for a web site. Like XSS, CSRF attacks are not necessarily cross-site, but they can be. Cross-site request forgery is also known as CSRF, XSRF, one-click attack, session riding, confused deputy, and sea surf.

CSRF attacks are effective in a number of situations, including:
    * The victim has an active session on the target site.
    * The victim is authenticated via HTTP auth on the target site.
    * The victim is on the same local network as the target site.

CSRF has primarily been used to perform an action against a target site using the victim's privileges, but recent techniques have been discovered to disclose information by gaining access to the response. The risk of information disclosure is dramatically increased when the target site is vulnerable to XSS, because XSS can be used as a platform for CSRF, allowing the attack to operate within the bounds of the same-origin policy.","Phase: Architecture and Design
Use a vetted library or framework that does not allow this weakness to occur or provides constructs that make this weakness easier to avoid.
For example, use anti-CSRF packages such as the OWASP CSRFGuard.

Phase: Implementation
Ensure that your application is free of cross-site scripting issues, because most CSRF defenses can be bypassed using attacker-controlled script.

Phase: Architecture and Design
Generate a unique nonce for each form, place the nonce into the form, and verify the nonce upon receipt of the form. Be sure that the nonce is not predictable (CWE-330).
Note that this can be bypassed using XSS.

Identify especially dangerous operations. When the user performs a dangerous operation, send a separate confirmation request to ensure that the user intended to perform that operation.
Note that this can be bypassed using XSS.

Use the ESAPI Session Management control.
This control includes a component for CSRF.

Do not use the GET method for any request that triggers a state change.

Phase: Implementation
Check the HTTP Referer header to see if the request originated from an expected page. This could break legitimate functionality, because users or proxies may have disabled sending the Referer for privacy reasons."
Absence of Anti-CSRF Tokens,Medium,http://testphp.vulnweb.com/product.php?pic=7,"No Anti-CSRF tokens were found in a HTML submission form.
A cross-site request forgery is an attack that involves forcing a victim to send an HTTP request to a target destination without their knowledge or intent in order to perform an action as the victim. The underlying cause is application functionality using predictable URL/form actions in a repeatable way. The nature of the attack is that CSRF exploits the trust that a web site has for a user. By contrast, cross-site scripting (XSS) exploits the trust that a user has for a web site. Like XSS, CSRF attacks are not necessarily cross-site, but they can be. Cross-site request forgery is also known as CSRF, XSRF, one-click attack, session riding, confused deputy, and sea surf.

CSRF attacks are effective in a number of situations, including:
    * The victim has an active session on the target site.
    * The victim is authenticated via HTTP auth on the target site.
    * The victim is on the same local network as the target site.

CSRF has primarily been used to perform an action against a target site using the victim's privileges, but recent techniques have been discovered to disclose information by gaining access to the response. The risk of information disclosure is dramatically increased when the target site is vulnerable to XSS, because XSS can be used as a platform for CSRF, allowing the attack to operate within the bounds of the same-origin policy.","Phase: Architecture and Design
Use a vetted library or framework that does not allow this weakness to occur or provides constructs that make this weakness easier to avoid.
For example, use anti-CSRF packages such as the OWASP CSRFGuard.

Phase: Implementation
Ensure that your application is free of cross-site scripting issues, because most CSRF defenses can be bypassed using attacker-controlled script.

Phase: Architecture and Design
Generate a unique nonce for each form, place the nonce into the form, and verify the nonce upon receipt of the form. Be sure that the nonce is not predictable (CWE-330).
Note that this can be bypassed using XSS.

Identify especially dangerous operations. When the user performs a dangerous operation, send a separate confirmation request to ensure that the user intended to perform that operation.
Note that this can be bypassed using XSS.

Use the ESAPI Session Management control.
This control includes a component for CSRF.

Do not use the GET method for any request that triggers a state change.

Phase: Implementation
Check the HTTP Referer header to see if the request originated from an expected page. This could break legitimate functionality, because users or proxies may have disabled sending the Referer for privacy reasons."
X-Content-Type-Options Header Missing,Low,http://testphp.vulnweb.com/showimage.php?file=./pictures/1.jpg&size=160,"The Anti-MIME-Sniffing header X-Content-Type-Options was not set to 'nosniff'. This allows older versions of Internet Explorer and Chrome to perform MIME-sniffing on the response body, potentially causing the response body to be interpreted and displayed as a content type other than the declared content type. Current (early 2014) and legacy versions of Firefox will use the declared content type (if one is set), rather than performing MIME-sniffing.","Ensure that the application/web server sets the Content-Type header appropriately, and that it sets the X-Content-Type-Options header to 'nosniff' for all web pages.
If possible, ensure that the end user uses a standards-compliant and modern web browser that does not perform MIME-sniffing at all, or that can be directed by the web application/web server to not perform MIME-sniffing."
"Server Leaks Version Information via ""Server"" HTTP Response Header Field",Low,http://testphp.vulnweb.com/product.php?pic=5,"The web/application server is leaking version information via the ""Server"" HTTP response header. Access to such information may facilitate attackers identifying other vulnerabilities your web/application server is subject to.","Ensure that your web server, application server, load balancer, etc. is configured to suppress the ""Server"" header or provide generic details."
"Server Leaks Information via ""X-Powered-By"" HTTP Response Header Field(s)",Low,http://testphp.vulnweb.com/showimage.php?file=./pictures/1.jpg&size=160,"The web/application server is leaking information via one or more ""X-Powered-By"" HTTP response headers. Access to such information may facilitate attackers identifying other frameworks/components your web application is reliant upon and the vulnerabilities such components may be subject to.","Ensure that your web server, application server, load balancer, etc. is configured to suppress ""X-Powered-By"" headers."
"Server Leaks Version Information via ""Server"" HTTP Response Header Field",Low,http://testphp.vulnweb.com/product.php?pic=7,"The web/application server is leaking version information via the ""Server"" HTTP response header. Access to such information may facilitate attackers identifying other vulnerabilities your web/application server is subject to.","Ensure that your web server, application server, load balancer, etc. is configured to suppress the ""Server"" header or provide generic details."
"Server Leaks Version Information via ""Server"" HTTP Response Header Field",Low,http://testphp.vulnweb.com/showimage.php?file=./pictures/2.jpg&size=160,"The web/application server is leaking version information via the ""Server"" HTTP response header. Access to such information may facilitate attackers identifying other vulnerabilities your web/application server is subject to.","Ensure that your web server, application server, load balancer, etc. is configured to suppress the ""Server"" header or provide generic details."
X-Content-Type-Options Header Missing,Low,http://testphp.vulnweb.com/product.php?pic=5,"The Anti-MIME-Sniffing header X-Content-Type-Options was not set to 'nosniff'. This allows older versions of Internet Explorer and Chrome to perform MIME-sniffing on the response body, potentially causing the response body to be interpreted and displayed as a content type other than the declared content type. Current (early 2014) and legacy versions of Firefox will use the declared content type (if one is set), rather than performing MIME-sniffing.","Ensure that the application/web server sets the Content-Type header appropriately, and that it sets the X-Content-Type-Options header to 'nosniff' for all web pages.
If possible, ensure that the end user uses a standards-compliant and modern web browser that does not perform MIME-sniffing at all, or that can be directed by the web application/web server to not perform MIME-sniffing."
"Server Leaks Information via ""X-Powered-By"" HTTP Response Header Field(s)",Low,http://testphp.vulnweb.com/product.php?pic=5,"The web/application server is leaking information via one or more ""X-Powered-By"" HTTP response headers. Access to such information may facilitate attackers identifying other frameworks/components your web application is reliant upon and the vulnerabilities such components may be subject to.","Ensure that your web server, application server, load balancer, etc. is configured to suppress ""X-Powered-By"" headers."
X-Content-Type-Options Header Missing,Low,http://testphp.vulnweb.com/showimage.php?file=./pictures/2.jpg&size=160,"The Anti-MIME-Sniffing header X-Content-Type-Options was not set to 'nosniff'. This allows older versions of Internet Explorer and Chrome to perform MIME-sniffing on the response body, potentially causing the response body to be interpreted and displayed as a content type other than the declared content type. Current (early 2014) and legacy versions of Firefox will use the declared content type (if one is set), rather than performing MIME-sniffing.","Ensure that the application/web server sets the Content-Type header appropriately, and that it sets the X-Content-Type-Options header to 'nosniff' for all web pages.
If possible, ensure that the end user uses a standards-compliant and modern web browser that does not perform MIME-sniffing at all, or that can be directed by the web application/web server to not perform MIME-sniffing."
"Server Leaks Information via ""X-Powered-By"" HTTP Response Header Field(s)",Low,http://testphp.vulnweb.com/showimage.php?file=./pictures/2.jpg&size=160,"The web/application server is leaking information via one or more ""X-Powered-By"" HTTP response headers. Access to such information may facilitate attackers identifying other frameworks/components your web application is reliant upon and the vulnerabilities such components may be subject to.","Ensure that your web server, application server, load balancer, etc. is configured to suppress ""X-Powered-By"" headers."
X-Content-Type-Options Header Missing,Low,http://testphp.vulnweb.com/product.php?pic=7,"The Anti-MIME-Sniffing header X-Content-Type-Options was not set to 'nosniff'. This allows older versions of Internet Explorer and Chrome to perform MIME-sniffing on the response body, potentially causing the response body to be interpreted and displayed as a content type other than the declared content type. Current (early 2014) and legacy versions of Firefox will use the declared content type (if one is set), rather than performing MIME-sniffing.","Ensure that the application/web server sets the Content-Type header appropriately, and that it sets the X-Content-Type-Options header to 'nosniff' for all web pages.
If possible, ensure that the end user uses a standards-compliant and modern web browser that does not perform MIME-sniffing at all, or that can be directed by the web application/web server to not perform MIME-sniffing."
"Server Leaks Version Information via ""Server"" HTTP Response Header Field",Low,http://testphp.vulnweb.com/showimage.php?file=./pictures/5.jpg,"The web/application server is leaking version information via the ""Server"" HTTP response header. Access to such information may facilitate attackers identifying other vulnerabilities your web/application server is subject to.","Ensure that your web server, application server, load balancer, etc. is configured to suppress the ""Server"" header or provide generic details."
"Server Leaks Information via ""X-Powered-By"" HTTP Response Header Field(s)",Low,http://testphp.vulnweb.com/product.php?pic=7,"The web/application server is leaking information via one or more ""X-Powered-By"" HTTP response headers. Access to such information may facilitate attackers identifying other frameworks/components your web application is reliant upon and the vulnerabilities such components may be subject to.","Ensure that your web server, application server, load balancer, etc. is configured to suppress ""X-Powered-By"" headers."
X-Content-Type-Options Header Missing,Low,http://testphp.vulnweb.com/showimage.php?file=./pictures/5.jpg,"The Anti-MIME-Sniffing header X-Content-Type-Options was not set to 'nosniff'. This allows older versions of Internet Explorer and Chrome to perform MIME-sniffing on the response body, potentially causing the response body to be interpreted and displayed as a content type other than the declared content type. Current (early 2014) and legacy versions of Firefox will use the declared content type (if one is set), rather than performing MIME-sniffing.","Ensure that the application/web server sets the Content-Type header appropriately, and that it sets the X-Content-Type-Options header to 'nosniff' for all web pages.
If possible, ensure that the end user uses a standards-compliant and modern web browser that does not perform MIME-sniffing at all, or that can be directed by the web application/web server to not perform MIME-sniffing."
"Server Leaks Version Information via ""Server"" HTTP Response Header Field",Low,http://testphp.vulnweb.com/showimage.php?file=./pictures/7.jpg,"The web/application server is leaking version information via the ""Server"" HTTP response header. Access to such information may facilitate attackers identifying other vulnerabilities your web/application server is subject to.","Ensure that your web server, application server, load balancer, etc. is configured to suppress the ""Server"" header or provide generic details."
"Server Leaks Information via ""X-Powered-By"" HTTP Response Header Field(s)",Low,http://testphp.vulnweb.com/showimage.php?file=./pictures/5.jpg,"The web/application server is leaking information via one or more ""X-Powered-By"" HTTP response headers. Access to such information may facilitate attackers identifying other frameworks/components your web application is reliant upon and the vulnerabilities such components may be subject to.","Ensure that your web server, application server, load balancer, etc. is configured to suppress ""X-Powered-By"" headers."
"Server Leaks Version Information via ""Server"" HTTP Response Header Field",Low,http://testphp.vulnweb.com/showimage.php?file=./pictures/3.jpg&size=160,"The web/application server is leaking version information via the ""Server"" HTTP response header. Access to such information may facilitate attackers identifying other vulnerabilities your web/application server is subject to.","Ensure that your web server, application server, load balancer, etc. is configured to suppress the ""Server"" header or provide generic details."
X-Content-Type-Options Header Missing,Low,http://testphp.vulnweb.com/showimage.php?file=./pictures/7.jpg,"The Anti-MIME-Sniffing header X-Content-Type-Options was not set to 'nosniff'. This allows older versions of Internet Explorer and Chrome to perform MIME-sniffing on the response body, potentially causing the response body to be interpreted and displayed as a content type other than the declared content type. Current (early 2014) and legacy versions of Firefox will use the declared content type (if one is set), rather than performing MIME-sniffing.","Ensure that the application/web server sets the Content-Type header appropriately, and that it sets the X-Content-Type-Options header to 'nosniff' for all web pages.
If possible, ensure that the end user uses a standards-compliant and modern web browser that does not perform MIME-sniffing at all, or that can be directed by the web application/web server to not perform MIME-sniffing."
"Server Leaks Information via ""X-Powered-By"" HTTP Response Header Field(s)",Low,http://testphp.vulnweb.com/showimage.php?file=./pictures/7.jpg,"The web/application server is leaking information via one or more ""X-Powered-By"" HTTP response headers. Access to such information may facilitate attackers identifying other frameworks/components your web application is reliant upon and the vulnerabilities such components may be subject to.","Ensure that your web server, application server, load balancer, etc. is configured to suppress ""X-Powered-By"" headers."
Missing Anti-clickjacking Header,Medium,http://testphp.vulnweb.com/listproducts.php?artist=1,The response does not protect against 'ClickJacking' attacks. It should include either Content-Security-Policy with 'frame-ancestors' directive or X-Frame-Options.,"Modern Web browsers support the Content-Security-Policy and X-Frame-Options HTTP headers. Ensure one of them is set on all web pages returned by your site/app.
If you expect the page to be framed only by pages on your server (e.g. it's part of a FRAMESET) then you'll want to use SAMEORIGIN, otherwise if you never expect the page to be framed, you should use DENY. Alternatively consider implementing Content Security Policy's ""frame-ancestors"" directive."
X-Content-Type-Options Header Missing,Low,http://testphp.vulnweb.com/showimage.php?file=./pictures/3.jpg&size=160,"The Anti-MIME-Sniffing header X-Content-Type-Options was not set to 'nosniff'. This allows older versions of Internet Explorer and Chrome to perform MIME-sniffing on the response body, potentially causing the response body to be interpreted and displayed as a content type other than the declared content type. Current (early 2014) and legacy versions of Firefox will use the declared content type (if one is set), rather than performing MIME-sniffing.","Ensure that the application/web server sets the Content-Type header appropriately, and that it sets the X-Content-Type-Options header to 'nosniff' for all web pages.
If possible, ensure that the end user uses a standards-compliant and modern web browser that does not perform MIME-sniffing at all, or that can be directed by the web application/web server to not perform MIME-sniffing."
"Server Leaks Information via ""X-Powered-By"" HTTP Response Header Field(s)",Low,http://testphp.vulnweb.com/showimage.php?file=./pictures/3.jpg&size=160,"The web/application server is leaking information via one or more ""X-Powered-By"" HTTP response headers. Access to such information may facilitate attackers identifying other frameworks/components your web application is reliant upon and the vulnerabilities such components may be subject to.","Ensure that your web server, application server, load balancer, etc. is configured to suppress ""X-Powered-By"" headers."
"Server Leaks Version Information via ""Server"" HTTP Response Header Field",Low,http://testphp.vulnweb.com/showimage.php?file=./pictures/4.jpg&size=160,"The web/application server is leaking version information via the ""Server"" HTTP response header. Access to such information may facilitate attackers identifying other vulnerabilities your web/application server is subject to.","Ensure that your web server, application server, load balancer, etc. is configured to suppress the ""Server"" header or provide generic details."
"Server Leaks Version Information via ""Server"" HTTP Response Header Field",Low,http://testphp.vulnweb.com/showimage.php?file=./pictures/5.jpg&size=160,"The web/application server is leaking version information via the ""Server"" HTTP response header. Access to such information may facilitate attackers identifying other vulnerabilities your web/application server is subject to.","Ensure that your web server, application server, load balancer, etc. is configured to suppress the ""Server"" header or provide generic details."
X-Content-Type-Options Header Missing,Low,http://testphp.vulnweb.com/showimage.php?file=./pictures/4.jpg&size=160,"The Anti-MIME-Sniffing header X-Content-Type-Options was not set to 'nosniff'. This allows older versions of Internet Explorer and Chrome to perform MIME-sniffing on the response body, potentially causing the response body to be interpreted and displayed as a content type other than the declared content type. Current (early 2014) and legacy versions of Firefox will use the declared content type (if one is set), rather than performing MIME-sniffing.","Ensure that the application/web server sets the Content-Type header appropriately, and that it sets the X-Content-Type-Options header to 'nosniff' for all web pages.
If possible, ensure that the end user uses a standards-compliant and modern web browser that does not perform MIME-sniffing at all, or that can be directed by the web application/web server to not perform MIME-sniffing."
Charset Mismatch (Header Versus Meta Content-Type Charset),Informational,http://testphp.vulnweb.com/listproducts.php?artist=1,"This check identifies responses where the HTTP Content-Type header declares a charset different from the charset defined by the body of the HTML or XML. When there's a charset mismatch between the HTTP header and content body Web browsers can be forced into an undesirable content-sniffing mode to determine the content's correct character set.

An attacker could manipulate content on the page to be interpreted in an encoding of their choice. For example, if an attacker can control content at the beginning of the page, they could inject script using UTF-7 encoded text and manipulate some browsers into interpreting that text.",Force UTF-8 for all text content in both the HTTP header and meta tags in HTML or encoding declarations in XML.
"Server Leaks Information via ""X-Powered-By"" HTTP Response Header Field(s)",Low,http://testphp.vulnweb.com/showimage.php?file=./pictures/4.jpg&size=160,"The web/application server is leaking information via one or more ""X-Powered-By"" HTTP response headers. Access to such information may facilitate attackers identifying other frameworks/components your web application is reliant upon and the vulnerabilities such components may be subject to.","Ensure that your web server, application server, load balancer, etc. is configured to suppress ""X-Powered-By"" headers."
"Server Leaks Version Information via ""Server"" HTTP Response Header Field",Low,http://testphp.vulnweb.com/showimage.php?file=./pictures/6.jpg&size=160,"The web/application server is leaking version information via the ""Server"" HTTP response header. Access to such information may facilitate attackers identifying other vulnerabilities your web/application server is subject to.","Ensure that your web server, application server, load balancer, etc. is configured to suppress the ""Server"" header or provide generic details."
Content Security Policy (CSP) Header Not Set,Medium,http://testphp.vulnweb.com/listproducts.php?artist=1,"Content Security Policy (CSP) is an added layer of security that helps to detect and mitigate certain types of attacks, including Cross Site Scripting (XSS) and data injection attacks. These attacks are used for everything from data theft to site defacement or distribution of malware. CSP provides a set of standard HTTP headers that allow website owners to declare approved sources of content that browsers should be allowed to load on that page — covered types are JavaScript, CSS, HTML frames, fonts, images and embeddable objects such as Java applets, ActiveX, audio and video files.","Ensure that your web server, application server, load balancer, etc. is configured to set the Content-Security-Policy header."
X-Content-Type-Options Header Missing,Low,http://testphp.vulnweb.com/showimage.php?file=./pictures/5.jpg&size=160,"The Anti-MIME-Sniffing header X-Content-Type-Options was not set to 'nosniff'. This allows older versions of Internet Explorer and Chrome to perform MIME-sniffing on the response body, potentially causing the response body to be interpreted and displayed as a content type other than the declared content type. Current (early 2014) and legacy versions of Firefox will use the declared content type (if one is set), rather than performing MIME-sniffing.","Ensure that the application/web server sets the Content-Type header appropriately, and that it sets the X-Content-Type-Options header to 'nosniff' for all web pages.
If possible, ensure that the end user uses a standards-compliant and modern web browser that does not perform MIME-sniffing at all, or that can be directed by the web application/web server to not perform MIME-sniffing."
"Server Leaks Information via ""X-Powered-By"" HTTP Response Header Field(s)",Low,http://testphp.vulnweb.com/showimage.php?file=./pictures/5.jpg&size=160,"The web/application server is leaking information via one or more ""X-Powered-By"" HTTP response headers. Access to such information may facilitate attackers identifying other frameworks/components your web application is reliant upon and the vulnerabilities such components may be subject to.","Ensure that your web server, application server, load balancer, etc. is configured to suppress ""X-Powered-By"" headers."
Absence of Anti-CSRF Tokens,Medium,http://testphp.vulnweb.com/listproducts.php?artist=1,"No Anti-CSRF tokens were found in a HTML submission form.
A cross-site request forgery is an attack that involves forcing a victim to send an HTTP request to a target destination without their knowledge or intent in order to perform an action as the victim. The underlying cause is application functionality using predictable URL/form actions in a repeatable way. The nature of the attack is that CSRF exploits the trust that a web site has for a user. By contrast, cross-site scripting (XSS) exploits the trust that a user has for a web site. Like XSS, CSRF attacks are not necessarily cross-site, but they can be. Cross-site request forgery is also known as CSRF, XSRF, one-click attack, session riding, confused deputy, and sea surf.

CSRF attacks are effective in a number of situations, including:
    * The victim has an active session on the target site.
    * The victim is authenticated via HTTP auth on the target site.
    * The victim is on the same local network as the target site.

CSRF has primarily been used to perform an action against a target site using the victim's privileges, but recent techniques have been discovered to disclose information by gaining access to the response. The risk of information disclosure is dramatically increased when the target site is vulnerable to XSS, because XSS can be used as a platform for CSRF, allowing the attack to operate within the bounds of the same-origin policy.","Phase: Architecture and Design
Use a vetted library or framework that does not allow this weakness to occur or provides constructs that make this weakness easier to avoid.
For example, use anti-CSRF packages such as the OWASP CSRFGuard.

Phase: Implementation
Ensure that your application is free of cross-site scripting issues, because most CSRF defenses can be bypassed using attacker-controlled script.

Phase: Architecture and Design
Generate a unique nonce for each form, place the nonce into the form, and verify the nonce upon receipt of the form. Be sure that the nonce is not predictable (CWE-330).
Note that this can be bypassed using XSS.

Identify especially dangerous operations. When the user performs a dangerous operation, send a separate confirmation request to ensure that the user intended to perform that operation.
Note that this can be bypassed using XSS.

Use the ESAPI Session Management control.
This control includes a component for CSRF.

Do not use the GET method for any request that triggers a state change.

Phase: Implementation
Check the HTTP Referer header to see if the request originated from an expected page. This could break legitimate functionality, because users or proxies may have disabled sending the Referer for privacy reasons."
X-Content-Type-Options Header Missing,Low,http://testphp.vulnweb.com/showimage.php?file=./pictures/6.jpg&size=160,"The Anti-MIME-Sniffing header X-Content-Type-Options was not set to 'nosniff'. This allows older versions of Internet Explorer and Chrome to perform MIME-sniffing on the response body, potentially causing the response body to be interpreted and displayed as a content type other than the declared content type. Current (early 2014) and legacy versions of Firefox will use the declared content type (if one is set), rather than performing MIME-sniffing.","Ensure that the application/web server sets the Content-Type header appropriately, and that it sets the X-Content-Type-Options header to 'nosniff' for all web pages.
If possible, ensure that the end user uses a standards-compliant and modern web browser that does not perform MIME-sniffing at all, or that can be directed by the web application/web server to not perform MIME-sniffing."
"Server Leaks Version Information via ""Server"" HTTP Response Header Field",Low,http://testphp.vulnweb.com/showimage.php?file=./pictures/6.jpg,"The web/application server is leaking version information via the ""Server"" HTTP response header. Access to such information may facilitate attackers identifying other vulnerabilities your web/application server is subject to.","Ensure that your web server, application server, load balancer, etc. is configured to suppress the ""Server"" header or provide generic details."
"Server Leaks Information via ""X-Powered-By"" HTTP Response Header Field(s)",Low,http://testphp.vulnweb.com/showimage.php?file=./pictures/6.jpg&size=160,"The web/application server is leaking information via one or more ""X-Powered-By"" HTTP response headers. Access to such information may facilitate attackers identifying other frameworks/components your web application is reliant upon and the vulnerabilities such components may be subject to.","Ensure that your web server, application server, load balancer, etc. is configured to suppress ""X-Powered-By"" headers."
Missing Anti-clickjacking Header,Medium,http://testphp.vulnweb.com/product.php?pic=6,The response does not protect against 'ClickJacking' attacks. It should include either Content-Security-Policy with 'frame-ancestors' directive or X-Frame-Options.,"Modern Web browsers support the Content-Security-Policy and X-Frame-Options HTTP headers. Ensure one of them is set on all web pages returned by your site/app.
If you expect the page to be framed only by pages on your server (e.g. it's part of a FRAMESET) then you'll want to use SAMEORIGIN, otherwise if you never expect the page to be framed, you should use DENY. Alternatively consider implementing Content Security Policy's ""frame-ancestors"" directive."
Modern Web Application,Informational,http://testphp.vulnweb.com/listproducts.php?artist=1,The application appears to be a modern web application. If you need to explore it automatically then the Ajax Spider may well be more effective than the standard one.,This is an informational alert and so no changes are required.
X-Content-Type-Options Header Missing,Low,http://testphp.vulnweb.com/showimage.php?file=./pictures/6.jpg,"The Anti-MIME-Sniffing header X-Content-Type-Options was not set to 'nosniff'. This allows older versions of Internet Explorer and Chrome to perform MIME-sniffing on the response body, potentially causing the response body to be interpreted and displayed as a content type other than the declared content type. Current (early 2014) and legacy versions of Firefox will use the declared content type (if one is set), rather than performing MIME-sniffing.","Ensure that the application/web server sets the Content-Type header appropriately, and that it sets the X-Content-Type-Options header to 'nosniff' for all web pages.
If possible, ensure that the end user uses a standards-compliant and modern web browser that does not perform MIME-sniffing at all, or that can be directed by the web application/web server to not perform MIME-sniffing."
"Server Leaks Version Information via ""Server"" HTTP Response Header Field",Low,http://testphp.vulnweb.com/listproducts.php?artist=1,"The web/application server is leaking version information via the ""Server"" HTTP response header. Access to such information may facilitate attackers identifying other vulnerabilities your web/application server is subject to.","Ensure that your web server, application server, load balancer, etc. is configured to suppress the ""Server"" header or provide generic details."
"Server Leaks Information via ""X-Powered-By"" HTTP Response Header Field(s)",Low,http://testphp.vulnweb.com/showimage.php?file=./pictures/6.jpg,"The web/application server is leaking information via one or more ""X-Powered-By"" HTTP response headers. Access to such information may facilitate attackers identifying other frameworks/components your web application is reliant upon and the vulnerabilities such components may be subject to.","Ensure that your web server, application server, load balancer, etc. is configured to suppress ""X-Powered-By"" headers."
Missing Anti-clickjacking Header,Medium,http://testphp.vulnweb.com/listproducts.php?artist=2,The response does not protect against 'ClickJacking' attacks. It should include either Content-Security-Policy with 'frame-ancestors' directive or X-Frame-Options.,"Modern Web browsers support the Content-Security-Policy and X-Frame-Options HTTP headers. Ensure one of them is set on all web pages returned by your site/app.
If you expect the page to be framed only by pages on your server (e.g. it's part of a FRAMESET) then you'll want to use SAMEORIGIN, otherwise if you never expect the page to be framed, you should use DENY. Alternatively consider implementing Content Security Policy's ""frame-ancestors"" directive."
Charset Mismatch (Header Versus Meta Content-Type Charset),Informational,http://testphp.vulnweb.com/product.php?pic=6,"This check identifies responses where the HTTP Content-Type header declares a charset different from the charset defined by the body of the HTML or XML. When there's a charset mismatch between the HTTP header and content body Web browsers can be forced into an undesirable content-sniffing mode to determine the content's correct character set.

An attacker could manipulate content on the page to be interpreted in an encoding of their choice. For example, if an attacker can control content at the beginning of the page, they could inject script using UTF-7 encoded text and manipulate some browsers into interpreting that text.",Force UTF-8 for all text content in both the HTTP header and meta tags in HTML or encoding declarations in XML.
Content Security Policy (CSP) Header Not Set,Medium,http://testphp.vulnweb.com/product.php?pic=6,"Content Security Policy (CSP) is an added layer of security that helps to detect and mitigate certain types of attacks, including Cross Site Scripting (XSS) and data injection attacks. These attacks are used for everything from data theft to site defacement or distribution of malware. CSP provides a set of standard HTTP headers that allow website owners to declare approved sources of content that browsers should be allowed to load on that page — covered types are JavaScript, CSS, HTML frames, fonts, images and embeddable objects such as Java applets, ActiveX, audio and video files.","Ensure that your web server, application server, load balancer, etc. is configured to set the Content-Security-Policy header."
X-Content-Type-Options Header Missing,Low,http://testphp.vulnweb.com/listproducts.php?artist=1,"The Anti-MIME-Sniffing header X-Content-Type-Options was not set to 'nosniff'. This allows older versions of Internet Explorer and Chrome to perform MIME-sniffing on the response body, potentially causing the response body to be interpreted and displayed as a content type other than the declared content type. Current (early 2014) and legacy versions of Firefox will use the declared content type (if one is set), rather than performing MIME-sniffing.","Ensure that the application/web server sets the Content-Type header appropriately, and that it sets the X-Content-Type-Options header to 'nosniff' for all web pages.
If possible, ensure that the end user uses a standards-compliant and modern web browser that does not perform MIME-sniffing at all, or that can be directed by the web application/web server to not perform MIME-sniffing."
"Server Leaks Version Information via ""Server"" HTTP Response Header Field",Low,http://testphp.vulnweb.com/showimage.php?file=./pictures/7.jpg&size=160,"The web/application server is leaking version information via the ""Server"" HTTP response header. Access to such information may facilitate attackers identifying other vulnerabilities your web/application server is subject to.","Ensure that your web server, application server, load balancer, etc. is configured to suppress the ""Server"" header or provide generic details."
"Server Leaks Information via ""X-Powered-By"" HTTP Response Header Field(s)",Low,http://testphp.vulnweb.com/listproducts.php?artist=1,"The web/application server is leaking information via one or more ""X-Powered-By"" HTTP response headers. Access to such information may facilitate attackers identifying other frameworks/components your web application is reliant upon and the vulnerabilities such components may be subject to.","Ensure that your web server, application server, load balancer, etc. is configured to suppress ""X-Powered-By"" headers."
Absence of Anti-CSRF Tokens,Medium,http://testphp.vulnweb.com/product.php?pic=6,"No Anti-CSRF tokens were found in a HTML submission form.
A cross-site request forgery is an attack that involves forcing a victim to send an HTTP request to a target destination without their knowledge or intent in order to perform an action as the victim. The underlying cause is application functionality using predictable URL/form actions in a repeatable way. The nature of the attack is that CSRF exploits the trust that a web site has for a user. By contrast, cross-site scripting (XSS) exploits the trust that a user has for a web site. Like XSS, CSRF attacks are not necessarily cross-site, but they can be. Cross-site request forgery is also known as CSRF, XSRF, one-click attack, session riding, confused deputy, and sea surf.

CSRF attacks are effective in a number of situations, including:
    * The victim has an active session on the target site.
    * The victim is authenticated via HTTP auth on the target site.
    * The victim is on the same local network as the target site.

CSRF has primarily been used to perform an action against a target site using the victim's privileges, but recent techniques have been discovered to disclose information by gaining access to the response. The risk of information disclosure is dramatically increased when the target site is vulnerable to XSS, because XSS can be used as a platform for CSRF, allowing the attack to operate within the bounds of the same-origin policy.","Phase: Architecture and Design
Use a vetted library or framework that does not allow this weakness to occur or provides constructs that make this weakness easier to avoid.
For example, use anti-CSRF packages such as the OWASP CSRFGuard.

Phase: Implementation
Ensure that your application is free of cross-site scripting issues, because most CSRF defenses can be bypassed using attacker-controlled script.

Phase: Architecture and Design
Generate a unique nonce for each form, place the nonce into the form, and verify the nonce upon receipt of the form. Be sure that the nonce is not predictable (CWE-330).
Note that this can be bypassed using XSS.

Identify especially dangerous operations. When the user performs a dangerous operation, send a separate confirmation request to ensure that the user intended to perform that operation.
Note that this can be bypassed using XSS.

Use the ESAPI Session Management control.
This control includes a component for CSRF.

Do not use the GET method for any request that triggers a state change.

Phase: Implementation
Check the HTTP Referer header to see if the request originated from an expected page. This could break legitimate functionality, because users or proxies may have disabled sending the Referer for privacy reasons."
X-Content-Type-Options Header Missing,Low,http://testphp.vulnweb.com/showimage.php?file=./pictures/7.jpg&size=160,"The Anti-MIME-Sniffing header X-Content-Type-Options was not set to 'nosniff'. This allows older versions of Internet Explorer and Chrome to perform MIME-sniffing on the response body, potentially causing the response body to be interpreted and displayed as a content type other than the declared content type. Current (early 2014) and legacy versions of Firefox will use the declared content type (if one is set), rather than performing MIME-sniffing.","Ensure that the application/web server sets the Content-Type header appropriately, and that it sets the X-Content-Type-Options header to 'nosniff' for all web pages.
If possible, ensure that the end user uses a standards-compliant and modern web browser that does not perform MIME-sniffing at all, or that can be directed by the web application/web server to not perform MIME-sniffing."
Absence of Anti-CSRF Tokens,Medium,http://testphp.vulnweb.com/product.php?pic=6,"No Anti-CSRF tokens were found in a HTML submission form.
A cross-site request forgery is an attack that involves forcing a victim to send an HTTP request to a target destination without their knowledge or intent in order to perform an action as the victim. The underlying cause is application functionality using predictable URL/form actions in a repeatable way. The nature of the attack is that CSRF exploits the trust that a web site has for a user. By contrast, cross-site scripting (XSS) exploits the trust that a user has for a web site. Like XSS, CSRF attacks are not necessarily cross-site, but they can be. Cross-site request forgery is also known as CSRF, XSRF, one-click attack, session riding, confused deputy, and sea surf.

CSRF attacks are effective in a number of situations, including:
    * The victim has an active session on the target site.
    * The victim is authenticated via HTTP auth on the target site.
    * The victim is on the same local network as the target site.

CSRF has primarily been used to perform an action against a target site using the victim's privileges, but recent techniques have been discovered to disclose information by gaining access to the response. The risk of information disclosure is dramatically increased when the target site is vulnerable to XSS, because XSS can be used as a platform for CSRF, allowing the attack to operate within the bounds of the same-origin policy.","Phase: Architecture and Design
Use a vetted library or framework that does not allow this weakness to occur or provides constructs that make this weakness easier to avoid.
For example, use anti-CSRF packages such as the OWASP CSRFGuard.

Phase: Implementation
Ensure that your application is free of cross-site scripting issues, because most CSRF defenses can be bypassed using attacker-controlled script.

Phase: Architecture and Design
Generate a unique nonce for each form, place the nonce into the form, and verify the nonce upon receipt of the form. Be sure that the nonce is not predictable (CWE-330).
Note that this can be bypassed using XSS.

Identify especially dangerous operations. When the user performs a dangerous operation, send a separate confirmation request to ensure that the user intended to perform that operation.
Note that this can be bypassed using XSS.

Use the ESAPI Session Management control.
This control includes a component for CSRF.

Do not use the GET method for any request that triggers a state change.

Phase: Implementation
Check the HTTP Referer header to see if the request originated from an expected page. This could break legitimate functionality, because users or proxies may have disabled sending the Referer for privacy reasons."
Charset Mismatch (Header Versus Meta Content-Type Charset),Informational,http://testphp.vulnweb.com/listproducts.php?artist=2,"This check identifies responses where the HTTP Content-Type header declares a charset different from the charset defined by the body of the HTML or XML. When there's a charset mismatch between the HTTP header and content body Web browsers can be forced into an undesirable content-sniffing mode to determine the content's correct character set.

An attacker could manipulate content on the page to be interpreted in an encoding of their choice. For example, if an attacker can control content at the beginning of the page, they could inject script using UTF-7 encoded text and manipulate some browsers into interpreting that text.",Force UTF-8 for all text content in both the HTTP header and meta tags in HTML or encoding declarations in XML.
"Server Leaks Information via ""X-Powered-By"" HTTP Response Header Field(s)",Low,http://testphp.vulnweb.com/showimage.php?file=./pictures/7.jpg&size=160,"The web/application server is leaking information via one or more ""X-Powered-By"" HTTP response headers. Access to such information may facilitate attackers identifying other frameworks/components your web application is reliant upon and the vulnerabilities such components may be subject to.","Ensure that your web server, application server, load balancer, etc. is configured to suppress ""X-Powered-By"" headers."
Content Security Policy (CSP) Header Not Set,Medium,http://testphp.vulnweb.com/listproducts.php?artist=2,"Content Security Policy (CSP) is an added layer of security that helps to detect and mitigate certain types of attacks, including Cross Site Scripting (XSS) and data injection attacks. These attacks are used for everything from data theft to site defacement or distribution of malware. CSP provides a set of standard HTTP headers that allow website owners to declare approved sources of content that browsers should be allowed to load on that page — covered types are JavaScript, CSS, HTML frames, fonts, images and embeddable objects such as Java applets, ActiveX, audio and video files.","Ensure that your web server, application server, load balancer, etc. is configured to set the Content-Security-Policy header."
Missing Anti-clickjacking Header,Medium,http://testphp.vulnweb.com/listproducts.php?artist=3,The response does not protect against 'ClickJacking' attacks. It should include either Content-Security-Policy with 'frame-ancestors' directive or X-Frame-Options.,"Modern Web browsers support the Content-Security-Policy and X-Frame-Options HTTP headers. Ensure one of them is set on all web pages returned by your site/app.
If you expect the page to be framed only by pages on your server (e.g. it's part of a FRAMESET) then you'll want to use SAMEORIGIN, otherwise if you never expect the page to be framed, you should use DENY. Alternatively consider implementing Content Security Policy's ""frame-ancestors"" directive."
Absence of Anti-CSRF Tokens,Medium,http://testphp.vulnweb.com/listproducts.php?artist=2,"No Anti-CSRF tokens were found in a HTML submission form.
A cross-site request forgery is an attack that involves forcing a victim to send an HTTP request to a target destination without their knowledge or intent in order to perform an action as the victim. The underlying cause is application functionality using predictable URL/form actions in a repeatable way. The nature of the attack is that CSRF exploits the trust that a web site has for a user. By contrast, cross-site scripting (XSS) exploits the trust that a user has for a web site. Like XSS, CSRF attacks are not necessarily cross-site, but they can be. Cross-site request forgery is also known as CSRF, XSRF, one-click attack, session riding, confused deputy, and sea surf.

CSRF attacks are effective in a number of situations, including:
    * The victim has an active session on the target site.
    * The victim is authenticated via HTTP auth on the target site.
    * The victim is on the same local network as the target site.

CSRF has primarily been used to perform an action against a target site using the victim's privileges, but recent techniques have been discovered to disclose information by gaining access to the response. The risk of information disclosure is dramatically increased when the target site is vulnerable to XSS, because XSS can be used as a platform for CSRF, allowing the attack to operate within the bounds of the same-origin policy.","Phase: Architecture and Design
Use a vetted library or framework that does not allow this weakness to occur or provides constructs that make this weakness easier to avoid.
For example, use anti-CSRF packages such as the OWASP CSRFGuard.

Phase: Implementation
Ensure that your application is free of cross-site scripting issues, because most CSRF defenses can be bypassed using attacker-controlled script.

Phase: Architecture and Design
Generate a unique nonce for each form, place the nonce into the form, and verify the nonce upon receipt of the form. Be sure that the nonce is not predictable (CWE-330).
Note that this can be bypassed using XSS.

Identify especially dangerous operations. When the user performs a dangerous operation, send a separate confirmation request to ensure that the user intended to perform that operation.
Note that this can be bypassed using XSS.

Use the ESAPI Session Management control.
This control includes a component for CSRF.

Do not use the GET method for any request that triggers a state change.

Phase: Implementation
Check the HTTP Referer header to see if the request originated from an expected page. This could break legitimate functionality, because users or proxies may have disabled sending the Referer for privacy reasons."
"Server Leaks Version Information via ""Server"" HTTP Response Header Field",Low,http://testphp.vulnweb.com/product.php?pic=6,"The web/application server is leaking version information via the ""Server"" HTTP response header. Access to such information may facilitate attackers identifying other vulnerabilities your web/application server is subject to.","Ensure that your web server, application server, load balancer, etc. is configured to suppress the ""Server"" header or provide generic details."
Missing Anti-clickjacking Header,Medium,http://testphp.vulnweb.com/Mod_Rewrite_Shop/BuyProduct-1/,The response does not protect against 'ClickJacking' attacks. It should include either Content-Security-Policy with 'frame-ancestors' directive or X-Frame-Options.,"Modern Web browsers support the Content-Security-Policy and X-Frame-Options HTTP headers. Ensure one of them is set on all web pages returned by your site/app.
If you expect the page to be framed only by pages on your server (e.g. it's part of a FRAMESET) then you'll want to use SAMEORIGIN, otherwise if you never expect the page to be framed, you should use DENY. Alternatively consider implementing Content Security Policy's ""frame-ancestors"" directive."
Modern Web Application,Informational,http://testphp.vulnweb.com/listproducts.php?artist=2,The application appears to be a modern web application. If you need to explore it automatically then the Ajax Spider may well be more effective than the standard one.,This is an informational alert and so no changes are required.
Charset Mismatch (Header Versus Meta Content-Type Charset),Informational,http://testphp.vulnweb.com/listproducts.php?artist=3,"This check identifies responses where the HTTP Content-Type header declares a charset different from the charset defined by the body of the HTML or XML. When there's a charset mismatch between the HTTP header and content body Web browsers can be forced into an undesirable content-sniffing mode to determine the content's correct character set.

An attacker could manipulate content on the page to be interpreted in an encoding of their choice. For example, if an attacker can control content at the beginning of the page, they could inject script using UTF-7 encoded text and manipulate some browsers into interpreting that text.",Force UTF-8 for all text content in both the HTTP header and meta tags in HTML or encoding declarations in XML.
Content Security Policy (CSP) Header Not Set,Medium,http://testphp.vulnweb.com/Mod_Rewrite_Shop/BuyProduct-1/,"Content Security Policy (CSP) is an added layer of security that helps to detect and mitigate certain types of attacks, including Cross Site Scripting (XSS) and data injection attacks. These attacks are used for everything from data theft to site defacement or distribution of malware. CSP provides a set of standard HTTP headers that allow website owners to declare approved sources of content that browsers should be allowed to load on that page — covered types are JavaScript, CSS, HTML frames, fonts, images and embeddable objects such as Java applets, ActiveX, audio and video files.","Ensure that your web server, application server, load balancer, etc. is configured to set the Content-Security-Policy header."
Content Security Policy (CSP) Header Not Set,Medium,http://testphp.vulnweb.com/listproducts.php?artist=3,"Content Security Policy (CSP) is an added layer of security that helps to detect and mitigate certain types of attacks, including Cross Site Scripting (XSS) and data injection attacks. These attacks are used for everything from data theft to site defacement or distribution of malware. CSP provides a set of standard HTTP headers that allow website owners to declare approved sources of content that browsers should be allowed to load on that page — covered types are JavaScript, CSS, HTML frames, fonts, images and embeddable objects such as Java applets, ActiveX, audio and video files.","Ensure that your web server, application server, load balancer, etc. is configured to set the Content-Security-Policy header."
X-Content-Type-Options Header Missing,Low,http://testphp.vulnweb.com/product.php?pic=6,"The Anti-MIME-Sniffing header X-Content-Type-Options was not set to 'nosniff'. This allows older versions of Internet Explorer and Chrome to perform MIME-sniffing on the response body, potentially causing the response body to be interpreted and displayed as a content type other than the declared content type. Current (early 2014) and legacy versions of Firefox will use the declared content type (if one is set), rather than performing MIME-sniffing.","Ensure that the application/web server sets the Content-Type header appropriately, and that it sets the X-Content-Type-Options header to 'nosniff' for all web pages.
If possible, ensure that the end user uses a standards-compliant and modern web browser that does not perform MIME-sniffing at all, or that can be directed by the web application/web server to not perform MIME-sniffing."
"Server Leaks Version Information via ""Server"" HTTP Response Header Field",Low,http://testphp.vulnweb.com/Mod_Rewrite_Shop/BuyProduct-1/,"The web/application server is leaking version information via the ""Server"" HTTP response header. Access to such information may facilitate attackers identifying other vulnerabilities your web/application server is subject to.","Ensure that your web server, application server, load balancer, etc. is configured to suppress the ""Server"" header or provide generic details."
"Server Leaks Information via ""X-Powered-By"" HTTP Response Header Field(s)",Low,http://testphp.vulnweb.com/product.php?pic=6,"The web/application server is leaking information via one or more ""X-Powered-By"" HTTP response headers. Access to such information may facilitate attackers identifying other frameworks/components your web application is reliant upon and the vulnerabilities such components may be subject to.","Ensure that your web server, application server, load balancer, etc. is configured to suppress ""X-Powered-By"" headers."
"Server Leaks Version Information via ""Server"" HTTP Response Header Field",Low,http://testphp.vulnweb.com/listproducts.php?artist=2,"The web/application server is leaking version information via the ""Server"" HTTP response header. Access to such information may facilitate attackers identifying other vulnerabilities your web/application server is subject to.","Ensure that your web server, application server, load balancer, etc. is configured to suppress the ""Server"" header or provide generic details."
Absence of Anti-CSRF Tokens,Medium,http://testphp.vulnweb.com/listproducts.php?artist=3,"No Anti-CSRF tokens were found in a HTML submission form.
A cross-site request forgery is an attack that involves forcing a victim to send an HTTP request to a target destination without their knowledge or intent in order to perform an action as the victim. The underlying cause is application functionality using predictable URL/form actions in a repeatable way. The nature of the attack is that CSRF exploits the trust that a web site has for a user. By contrast, cross-site scripting (XSS) exploits the trust that a user has for a web site. Like XSS, CSRF attacks are not necessarily cross-site, but they can be. Cross-site request forgery is also known as CSRF, XSRF, one-click attack, session riding, confused deputy, and sea surf.

CSRF attacks are effective in a number of situations, including:
    * The victim has an active session on the target site.
    * The victim is authenticated via HTTP auth on the target site.
    * The victim is on the same local network as the target site.

CSRF has primarily been used to perform an action against a target site using the victim's privileges, but recent techniques have been discovered to disclose information by gaining access to the response. The risk of information disclosure is dramatically increased when the target site is vulnerable to XSS, because XSS can be used as a platform for CSRF, allowing the attack to operate within the bounds of the same-origin policy.","Phase: Architecture and Design
Use a vetted library or framework that does not allow this weakness to occur or provides constructs that make this weakness easier to avoid.
For example, use anti-CSRF packages such as the OWASP CSRFGuard.

Phase: Implementation
Ensure that your application is free of cross-site scripting issues, because most CSRF defenses can be bypassed using attacker-controlled script.

Phase: Architecture and Design
Generate a unique nonce for each form, place the nonce into the form, and verify the nonce upon receipt of the form. Be sure that the nonce is not predictable (CWE-330).
Note that this can be bypassed using XSS.

Identify especially dangerous operations. When the user performs a dangerous operation, send a separate confirmation request to ensure that the user intended to perform that operation.
Note that this can be bypassed using XSS.

Use the ESAPI Session Management control.
This control includes a component for CSRF.

Do not use the GET method for any request that triggers a state change.

Phase: Implementation
Check the HTTP Referer header to see if the request originated from an expected page. This could break legitimate functionality, because users or proxies may have disabled sending the Referer for privacy reasons."
X-Content-Type-Options Header Missing,Low,http://testphp.vulnweb.com/Mod_Rewrite_Shop/BuyProduct-1/,"The Anti-MIME-Sniffing header X-Content-Type-Options was not set to 'nosniff'. This allows older versions of Internet Explorer and Chrome to perform MIME-sniffing on the response body, potentially causing the response body to be interpreted and displayed as a content type other than the declared content type. Current (early 2014) and legacy versions of Firefox will use the declared content type (if one is set), rather than performing MIME-sniffing.","Ensure that the application/web server sets the Content-Type header appropriately, and that it sets the X-Content-Type-Options header to 'nosniff' for all web pages.
If possible, ensure that the end user uses a standards-compliant and modern web browser that does not perform MIME-sniffing at all, or that can be directed by the web application/web server to not perform MIME-sniffing."
"Server Leaks Information via ""X-Powered-By"" HTTP Response Header Field(s)",Low,http://testphp.vulnweb.com/Mod_Rewrite_Shop/BuyProduct-1/,"The web/application server is leaking information via one or more ""X-Powered-By"" HTTP response headers. Access to such information may facilitate attackers identifying other frameworks/components your web application is reliant upon and the vulnerabilities such components may be subject to.","Ensure that your web server, application server, load balancer, etc. is configured to suppress ""X-Powered-By"" headers."
X-Content-Type-Options Header Missing,Low,http://testphp.vulnweb.com/listproducts.php?artist=2,"The Anti-MIME-Sniffing header X-Content-Type-Options was not set to 'nosniff'. This allows older versions of Internet Explorer and Chrome to perform MIME-sniffing on the response body, potentially causing the response body to be interpreted and displayed as a content type other than the declared content type. Current (early 2014) and legacy versions of Firefox will use the declared content type (if one is set), rather than performing MIME-sniffing.","Ensure that the application/web server sets the Content-Type header appropriately, and that it sets the X-Content-Type-Options header to 'nosniff' for all web pages.
If possible, ensure that the end user uses a standards-compliant and modern web browser that does not perform MIME-sniffing at all, or that can be directed by the web application/web server to not perform MIME-sniffing."
"Server Leaks Version Information via ""Server"" HTTP Response Header Field",Low,http://testphp.vulnweb.com/listproducts.php?artist=3,"The web/application server is leaking version information via the ""Server"" HTTP response header. Access to such information may facilitate attackers identifying other vulnerabilities your web/application server is subject to.","Ensure that your web server, application server, load balancer, etc. is configured to suppress the ""Server"" header or provide generic details."
"Server Leaks Information via ""X-Powered-By"" HTTP Response Header Field(s)",Low,http://testphp.vulnweb.com/listproducts.php?artist=2,"The web/application server is leaking information via one or more ""X-Powered-By"" HTTP response headers. Access to such information may facilitate attackers identifying other frameworks/components your web application is reliant upon and the vulnerabilities such components may be subject to.","Ensure that your web server, application server, load balancer, etc. is configured to suppress ""X-Powered-By"" headers."
Missing Anti-clickjacking Header,Medium,http://testphp.vulnweb.com/Mod_Rewrite_Shop/RateProduct-1.html,The response does not protect against 'ClickJacking' attacks. It should include either Content-Security-Policy with 'frame-ancestors' directive or X-Frame-Options.,"Modern Web browsers support the Content-Security-Policy and X-Frame-Options HTTP headers. Ensure one of them is set on all web pages returned by your site/app.
If you expect the page to be framed only by pages on your server (e.g. it's part of a FRAMESET) then you'll want to use SAMEORIGIN, otherwise if you never expect the page to be framed, you should use DENY. Alternatively consider implementing Content Security Policy's ""frame-ancestors"" directive."
X-Content-Type-Options Header Missing,Low,http://testphp.vulnweb.com/listproducts.php?artist=3,"The Anti-MIME-Sniffing header X-Content-Type-Options was not set to 'nosniff'. This allows older versions of Internet Explorer and Chrome to perform MIME-sniffing on the response body, potentially causing the response body to be interpreted and displayed as a content type other than the declared content type. Current (early 2014) and legacy versions of Firefox will use the declared content type (if one is set), rather than performing MIME-sniffing.","Ensure that the application/web server sets the Content-Type header appropriately, and that it sets the X-Content-Type-Options header to 'nosniff' for all web pages.
If possible, ensure that the end user uses a standards-compliant and modern web browser that does not perform MIME-sniffing at all, or that can be directed by the web application/web server to not perform MIME-sniffing."
Authentication Request Identified,Informational,http://testphp.vulnweb.com/secured/newuser.php,"The given request has been identified as an authentication request. The 'Other Info' field contains a set of key=value lines which identify any relevant fields. If the request is in a context which has an Authentication Method set to ""Auto-Detect"" then this rule will change the authentication to match the request identified.",This is an informational alert rather than a vulnerability and so there is nothing to fix.
Missing Anti-clickjacking Header,Medium,http://testphp.vulnweb.com/secured/newuser.php,The response does not protect against 'ClickJacking' attacks. It should include either Content-Security-Policy with 'frame-ancestors' directive or X-Frame-Options.,"Modern Web browsers support the Content-Security-Policy and X-Frame-Options HTTP headers. Ensure one of them is set on all web pages returned by your site/app.
If you expect the page to be framed only by pages on your server (e.g. it's part of a FRAMESET) then you'll want to use SAMEORIGIN, otherwise if you never expect the page to be framed, you should use DENY. Alternatively consider implementing Content Security Policy's ""frame-ancestors"" directive."
Missing Anti-clickjacking Header,Medium,http://testphp.vulnweb.com/Mod_Rewrite_Shop/BuyProduct-2/,The response does not protect against 'ClickJacking' attacks. It should include either Content-Security-Policy with 'frame-ancestors' directive or X-Frame-Options.,"Modern Web browsers support the Content-Security-Policy and X-Frame-Options HTTP headers. Ensure one of them is set on all web pages returned by your site/app.
If you expect the page to be framed only by pages on your server (e.g. it's part of a FRAMESET) then you'll want to use SAMEORIGIN, otherwise if you never expect the page to be framed, you should use DENY. Alternatively consider implementing Content Security Policy's ""frame-ancestors"" directive."
"Server Leaks Information via ""X-Powered-By"" HTTP Response Header Field(s)",Low,http://testphp.vulnweb.com/listproducts.php?artist=3,"The web/application server is leaking information via one or more ""X-Powered-By"" HTTP response headers. Access to such information may facilitate attackers identifying other frameworks/components your web application is reliant upon and the vulnerabilities such components may be subject to.","Ensure that your web server, application server, load balancer, etc. is configured to suppress ""X-Powered-By"" headers."
Content Security Policy (CSP) Header Not Set,Medium,http://testphp.vulnweb.com/Mod_Rewrite_Shop/RateProduct-1.html,"Content Security Policy (CSP) is an added layer of security that helps to detect and mitigate certain types of attacks, including Cross Site Scripting (XSS) and data injection attacks. These attacks are used for everything from data theft to site defacement or distribution of malware. CSP provides a set of standard HTTP headers that allow website owners to declare approved sources of content that browsers should be allowed to load on that page — covered types are JavaScript, CSS, HTML frames, fonts, images and embeddable objects such as Java applets, ActiveX, audio and video files.","Ensure that your web server, application server, load balancer, etc. is configured to set the Content-Security-Policy header."
Charset Mismatch (Header Versus Meta Content-Type Charset),Informational,http://testphp.vulnweb.com/secured/newuser.php,"This check identifies responses where the HTTP Content-Type header declares a charset different from the charset defined by the body of the HTML or XML. When there's a charset mismatch between the HTTP header and content body Web browsers can be forced into an undesirable content-sniffing mode to determine the content's correct character set.

An attacker could manipulate content on the page to be interpreted in an encoding of their choice. For example, if an attacker can control content at the beginning of the page, they could inject script using UTF-7 encoded text and manipulate some browsers into interpreting that text.",Force UTF-8 for all text content in both the HTTP header and meta tags in HTML or encoding declarations in XML.
Content Security Policy (CSP) Header Not Set,Medium,http://testphp.vulnweb.com/secured/newuser.php,"Content Security Policy (CSP) is an added layer of security that helps to detect and mitigate certain types of attacks, including Cross Site Scripting (XSS) and data injection attacks. These attacks are used for everything from data theft to site defacement or distribution of malware. CSP provides a set of standard HTTP headers that allow website owners to declare approved sources of content that browsers should be allowed to load on that page — covered types are JavaScript, CSS, HTML frames, fonts, images and embeddable objects such as Java applets, ActiveX, audio and video files.","Ensure that your web server, application server, load balancer, etc. is configured to set the Content-Security-Policy header."
Content Security Policy (CSP) Header Not Set,Medium,http://testphp.vulnweb.com/Mod_Rewrite_Shop/BuyProduct-2/,"Content Security Policy (CSP) is an added layer of security that helps to detect and mitigate certain types of attacks, including Cross Site Scripting (XSS) and data injection attacks. These attacks are used for everything from data theft to site defacement or distribution of malware. CSP provides a set of standard HTTP headers that allow website owners to declare approved sources of content that browsers should be allowed to load on that page — covered types are JavaScript, CSS, HTML frames, fonts, images and embeddable objects such as Java applets, ActiveX, audio and video files.","Ensure that your web server, application server, load balancer, etc. is configured to set the Content-Security-Policy header."
"Server Leaks Version Information via ""Server"" HTTP Response Header Field",Low,http://testphp.vulnweb.com/Mod_Rewrite_Shop/RateProduct-1.html,"The web/application server is leaking version information via the ""Server"" HTTP response header. Access to such information may facilitate attackers identifying other vulnerabilities your web/application server is subject to.","Ensure that your web server, application server, load balancer, etc. is configured to suppress the ""Server"" header or provide generic details."
X-Content-Type-Options Header Missing,Low,http://testphp.vulnweb.com/Mod_Rewrite_Shop/RateProduct-1.html,"The Anti-MIME-Sniffing header X-Content-Type-Options was not set to 'nosniff'. This allows older versions of Internet Explorer and Chrome to perform MIME-sniffing on the response body, potentially causing the response body to be interpreted and displayed as a content type other than the declared content type. Current (early 2014) and legacy versions of Firefox will use the declared content type (if one is set), rather than performing MIME-sniffing.","Ensure that the application/web server sets the Content-Type header appropriately, and that it sets the X-Content-Type-Options header to 'nosniff' for all web pages.
If possible, ensure that the end user uses a standards-compliant and modern web browser that does not perform MIME-sniffing at all, or that can be directed by the web application/web server to not perform MIME-sniffing."
Missing Anti-clickjacking Header,Medium,http://testphp.vulnweb.com/Mod_Rewrite_Shop/RateProduct-3.html,The response does not protect against 'ClickJacking' attacks. It should include either Content-Security-Policy with 'frame-ancestors' directive or X-Frame-Options.,"Modern Web browsers support the Content-Security-Policy and X-Frame-Options HTTP headers. Ensure one of them is set on all web pages returned by your site/app.
If you expect the page to be framed only by pages on your server (e.g. it's part of a FRAMESET) then you'll want to use SAMEORIGIN, otherwise if you never expect the page to be framed, you should use DENY. Alternatively consider implementing Content Security Policy's ""frame-ancestors"" directive."
"Server Leaks Version Information via ""Server"" HTTP Response Header Field",Low,http://testphp.vulnweb.com/secured/newuser.php,"The web/application server is leaking version information via the ""Server"" HTTP response header. Access to such information may facilitate attackers identifying other vulnerabilities your web/application server is subject to.","Ensure that your web server, application server, load balancer, etc. is configured to suppress the ""Server"" header or provide generic details."
"Server Leaks Information via ""X-Powered-By"" HTTP Response Header Field(s)",Low,http://testphp.vulnweb.com/Mod_Rewrite_Shop/RateProduct-1.html,"The web/application server is leaking information via one or more ""X-Powered-By"" HTTP response headers. Access to such information may facilitate attackers identifying other frameworks/components your web application is reliant upon and the vulnerabilities such components may be subject to.","Ensure that your web server, application server, load balancer, etc. is configured to suppress ""X-Powered-By"" headers."
"Server Leaks Version Information via ""Server"" HTTP Response Header Field",Low,http://testphp.vulnweb.com/Mod_Rewrite_Shop/BuyProduct-2/,"The web/application server is leaking version information via the ""Server"" HTTP response header. Access to such information may facilitate attackers identifying other vulnerabilities your web/application server is subject to.","Ensure that your web server, application server, load balancer, etc. is configured to suppress the ""Server"" header or provide generic details."
X-Content-Type-Options Header Missing,Low,http://testphp.vulnweb.com/secured/newuser.php,"The Anti-MIME-Sniffing header X-Content-Type-Options was not set to 'nosniff'. This allows older versions of Internet Explorer and Chrome to perform MIME-sniffing on the response body, potentially causing the response body to be interpreted and displayed as a content type other than the declared content type. Current (early 2014) and legacy versions of Firefox will use the declared content type (if one is set), rather than performing MIME-sniffing.","Ensure that the application/web server sets the Content-Type header appropriately, and that it sets the X-Content-Type-Options header to 'nosniff' for all web pages.
If possible, ensure that the end user uses a standards-compliant and modern web browser that does not perform MIME-sniffing at all, or that can be directed by the web application/web server to not perform MIME-sniffing."
Missing Anti-clickjacking Header,Medium,http://testphp.vulnweb.com/Mod_Rewrite_Shop/RateProduct-2.html,The response does not protect against 'ClickJacking' attacks. It should include either Content-Security-Policy with 'frame-ancestors' directive or X-Frame-Options.,"Modern Web browsers support the Content-Security-Policy and X-Frame-Options HTTP headers. Ensure one of them is set on all web pages returned by your site/app.
If you expect the page to be framed only by pages on your server (e.g. it's part of a FRAMESET) then you'll want to use SAMEORIGIN, otherwise if you never expect the page to be framed, you should use DENY. Alternatively consider implementing Content Security Policy's ""frame-ancestors"" directive."
Content Security Policy (CSP) Header Not Set,Medium,http://testphp.vulnweb.com/Mod_Rewrite_Shop/RateProduct-3.html,"Content Security Policy (CSP) is an added layer of security that helps to detect and mitigate certain types of attacks, including Cross Site Scripting (XSS) and data injection attacks. These attacks are used for everything from data theft to site defacement or distribution of malware. CSP provides a set of standard HTTP headers that allow website owners to declare approved sources of content that browsers should be allowed to load on that page — covered types are JavaScript, CSS, HTML frames, fonts, images and embeddable objects such as Java applets, ActiveX, audio and video files.","Ensure that your web server, application server, load balancer, etc. is configured to set the Content-Security-Policy header."
"Server Leaks Information via ""X-Powered-By"" HTTP Response Header Field(s)",Low,http://testphp.vulnweb.com/secured/newuser.php,"The web/application server is leaking information via one or more ""X-Powered-By"" HTTP response headers. Access to such information may facilitate attackers identifying other frameworks/components your web application is reliant upon and the vulnerabilities such components may be subject to.","Ensure that your web server, application server, load balancer, etc. is configured to suppress ""X-Powered-By"" headers."
X-Content-Type-Options Header Missing,Low,http://testphp.vulnweb.com/Mod_Rewrite_Shop/BuyProduct-2/,"The Anti-MIME-Sniffing header X-Content-Type-Options was not set to 'nosniff'. This allows older versions of Internet Explorer and Chrome to perform MIME-sniffing on the response body, potentially causing the response body to be interpreted and displayed as a content type other than the declared content type. Current (early 2014) and legacy versions of Firefox will use the declared content type (if one is set), rather than performing MIME-sniffing.","Ensure that the application/web server sets the Content-Type header appropriately, and that it sets the X-Content-Type-Options header to 'nosniff' for all web pages.
If possible, ensure that the end user uses a standards-compliant and modern web browser that does not perform MIME-sniffing at all, or that can be directed by the web application/web server to not perform MIME-sniffing."
Content Security Policy (CSP) Header Not Set,Medium,http://testphp.vulnweb.com/Mod_Rewrite_Shop/RateProduct-2.html,"Content Security Policy (CSP) is an added layer of security that helps to detect and mitigate certain types of attacks, including Cross Site Scripting (XSS) and data injection attacks. These attacks are used for everything from data theft to site defacement or distribution of malware. CSP provides a set of standard HTTP headers that allow website owners to declare approved sources of content that browsers should be allowed to load on that page — covered types are JavaScript, CSS, HTML frames, fonts, images and embeddable objects such as Java applets, ActiveX, audio and video files.","Ensure that your web server, application server, load balancer, etc. is configured to set the Content-Security-Policy header."
"Server Leaks Information via ""X-Powered-By"" HTTP Response Header Field(s)",Low,http://testphp.vulnweb.com/Mod_Rewrite_Shop/BuyProduct-2/,"The web/application server is leaking information via one or more ""X-Powered-By"" HTTP response headers. Access to such information may facilitate attackers identifying other frameworks/components your web application is reliant upon and the vulnerabilities such components may be subject to.","Ensure that your web server, application server, load balancer, etc. is configured to suppress ""X-Powered-By"" headers."
Missing Anti-clickjacking Header,Medium,http://testphp.vulnweb.com/Mod_Rewrite_Shop/BuyProduct-3/,The response does not protect against 'ClickJacking' attacks. It should include either Content-Security-Policy with 'frame-ancestors' directive or X-Frame-Options.,"Modern Web browsers support the Content-Security-Policy and X-Frame-Options HTTP headers. Ensure one of them is set on all web pages returned by your site/app.
If you expect the page to be framed only by pages on your server (e.g. it's part of a FRAMESET) then you'll want to use SAMEORIGIN, otherwise if you never expect the page to be framed, you should use DENY. Alternatively consider implementing Content Security Policy's ""frame-ancestors"" directive."
"Server Leaks Version Information via ""Server"" HTTP Response Header Field",Low,http://testphp.vulnweb.com/Mod_Rewrite_Shop/RateProduct-2.html,"The web/application server is leaking version information via the ""Server"" HTTP response header. Access to such information may facilitate attackers identifying other vulnerabilities your web/application server is subject to.","Ensure that your web server, application server, load balancer, etc. is configured to suppress the ""Server"" header or provide generic details."
"Server Leaks Version Information via ""Server"" HTTP Response Header Field",Low,http://testphp.vulnweb.com/Mod_Rewrite_Shop/RateProduct-3.html,"The web/application server is leaking version information via the ""Server"" HTTP response header. Access to such information may facilitate attackers identifying other vulnerabilities your web/application server is subject to.","Ensure that your web server, application server, load balancer, etc. is configured to suppress the ""Server"" header or provide generic details."
X-Content-Type-Options Header Missing,Low,http://testphp.vulnweb.com/Mod_Rewrite_Shop/RateProduct-2.html,"The Anti-MIME-Sniffing header X-Content-Type-Options was not set to 'nosniff'. This allows older versions of Internet Explorer and Chrome to perform MIME-sniffing on the response body, potentially causing the response body to be interpreted and displayed as a content type other than the declared content type. Current (early 2014) and legacy versions of Firefox will use the declared content type (if one is set), rather than performing MIME-sniffing.","Ensure that the application/web server sets the Content-Type header appropriately, and that it sets the X-Content-Type-Options header to 'nosniff' for all web pages.
If possible, ensure that the end user uses a standards-compliant and modern web browser that does not perform MIME-sniffing at all, or that can be directed by the web application/web server to not perform MIME-sniffing."
Missing Anti-clickjacking Header,Medium,http://testphp.vulnweb.com/hpp/params.php?p=valid&pp=12,The response does not protect against 'ClickJacking' attacks. It should include either Content-Security-Policy with 'frame-ancestors' directive or X-Frame-Options.,"Modern Web browsers support the Content-Security-Policy and X-Frame-Options HTTP headers. Ensure one of them is set on all web pages returned by your site/app.
If you expect the page to be framed only by pages on your server (e.g. it's part of a FRAMESET) then you'll want to use SAMEORIGIN, otherwise if you never expect the page to be framed, you should use DENY. Alternatively consider implementing Content Security Policy's ""frame-ancestors"" directive."
X-Content-Type-Options Header Missing,Low,http://testphp.vulnweb.com/Mod_Rewrite_Shop/RateProduct-3.html,"The Anti-MIME-Sniffing header X-Content-Type-Options was not set to 'nosniff'. This allows older versions of Internet Explorer and Chrome to perform MIME-sniffing on the response body, potentially causing the response body to be interpreted and displayed as a content type other than the declared content type. Current (early 2014) and legacy versions of Firefox will use the declared content type (if one is set), rather than performing MIME-sniffing.","Ensure that the application/web server sets the Content-Type header appropriately, and that it sets the X-Content-Type-Options header to 'nosniff' for all web pages.
If possible, ensure that the end user uses a standards-compliant and modern web browser that does not perform MIME-sniffing at all, or that can be directed by the web application/web server to not perform MIME-sniffing."
"Server Leaks Information via ""X-Powered-By"" HTTP Response Header Field(s)",Low,http://testphp.vulnweb.com/Mod_Rewrite_Shop/RateProduct-2.html,"The web/application server is leaking information via one or more ""X-Powered-By"" HTTP response headers. Access to such information may facilitate attackers identifying other frameworks/components your web application is reliant upon and the vulnerabilities such components may be subject to.","Ensure that your web server, application server, load balancer, etc. is configured to suppress ""X-Powered-By"" headers."
Content Security Policy (CSP) Header Not Set,Medium,http://testphp.vulnweb.com/Mod_Rewrite_Shop/BuyProduct-3/,"Content Security Policy (CSP) is an added layer of security that helps to detect and mitigate certain types of attacks, including Cross Site Scripting (XSS) and data injection attacks. These attacks are used for everything from data theft to site defacement or distribution of malware. CSP provides a set of standard HTTP headers that allow website owners to declare approved sources of content that browsers should be allowed to load on that page — covered types are JavaScript, CSS, HTML frames, fonts, images and embeddable objects such as Java applets, ActiveX, audio and video files.","Ensure that your web server, application server, load balancer, etc. is configured to set the Content-Security-Policy header."
Content Security Policy (CSP) Header Not Set,Medium,http://testphp.vulnweb.com/hpp/params.php?p=valid&pp=12,"Content Security Policy (CSP) is an added layer of security that helps to detect and mitigate certain types of attacks, including Cross Site Scripting (XSS) and data injection attacks. These attacks are used for everything from data theft to site defacement or distribution of malware. CSP provides a set of standard HTTP headers that allow website owners to declare approved sources of content that browsers should be allowed to load on that page — covered types are JavaScript, CSS, HTML frames, fonts, images and embeddable objects such as Java applets, ActiveX, audio and video files.","Ensure that your web server, application server, load balancer, etc. is configured to set the Content-Security-Policy header."
"Server Leaks Information via ""X-Powered-By"" HTTP Response Header Field(s)",Low,http://testphp.vulnweb.com/Mod_Rewrite_Shop/RateProduct-3.html,"The web/application server is leaking information via one or more ""X-Powered-By"" HTTP response headers. Access to such information may facilitate attackers identifying other frameworks/components your web application is reliant upon and the vulnerabilities such components may be subject to.","Ensure that your web server, application server, load balancer, etc. is configured to suppress ""X-Powered-By"" headers."
"Server Leaks Version Information via ""Server"" HTTP Response Header Field",Low,http://testphp.vulnweb.com/hpp/params.php?p=valid&pp=12,"The web/application server is leaking version information via the ""Server"" HTTP response header. Access to such information may facilitate attackers identifying other vulnerabilities your web/application server is subject to.","Ensure that your web server, application server, load balancer, etc. is configured to suppress the ""Server"" header or provide generic details."
Missing Anti-clickjacking Header,Medium,http://testphp.vulnweb.com/cart.php,The response does not protect against 'ClickJacking' attacks. It should include either Content-Security-Policy with 'frame-ancestors' directive or X-Frame-Options.,"Modern Web browsers support the Content-Security-Policy and X-Frame-Options HTTP headers. Ensure one of them is set on all web pages returned by your site/app.
If you expect the page to be framed only by pages on your server (e.g. it's part of a FRAMESET) then you'll want to use SAMEORIGIN, otherwise if you never expect the page to be framed, you should use DENY. Alternatively consider implementing Content Security Policy's ""frame-ancestors"" directive."
"Server Leaks Version Information via ""Server"" HTTP Response Header Field",Low,http://testphp.vulnweb.com/Mod_Rewrite_Shop/BuyProduct-3/,"The web/application server is leaking version information via the ""Server"" HTTP response header. Access to such information may facilitate attackers identifying other vulnerabilities your web/application server is subject to.","Ensure that your web server, application server, load balancer, etc. is configured to suppress the ""Server"" header or provide generic details."
X-Content-Type-Options Header Missing,Low,http://testphp.vulnweb.com/Mod_Rewrite_Shop/BuyProduct-3/,"The Anti-MIME-Sniffing header X-Content-Type-Options was not set to 'nosniff'. This allows older versions of Internet Explorer and Chrome to perform MIME-sniffing on the response body, potentially causing the response body to be interpreted and displayed as a content type other than the declared content type. Current (early 2014) and legacy versions of Firefox will use the declared content type (if one is set), rather than performing MIME-sniffing.","Ensure that the application/web server sets the Content-Type header appropriately, and that it sets the X-Content-Type-Options header to 'nosniff' for all web pages.
If possible, ensure that the end user uses a standards-compliant and modern web browser that does not perform MIME-sniffing at all, or that can be directed by the web application/web server to not perform MIME-sniffing."
X-Content-Type-Options Header Missing,Low,http://testphp.vulnweb.com/hpp/params.php?p=valid&pp=12,"The Anti-MIME-Sniffing header X-Content-Type-Options was not set to 'nosniff'. This allows older versions of Internet Explorer and Chrome to perform MIME-sniffing on the response body, potentially causing the response body to be interpreted and displayed as a content type other than the declared content type. Current (early 2014) and legacy versions of Firefox will use the declared content type (if one is set), rather than performing MIME-sniffing.","Ensure that the application/web server sets the Content-Type header appropriately, and that it sets the X-Content-Type-Options header to 'nosniff' for all web pages.
If possible, ensure that the end user uses a standards-compliant and modern web browser that does not perform MIME-sniffing at all, or that can be directed by the web application/web server to not perform MIME-sniffing."
"Server Leaks Information via ""X-Powered-By"" HTTP Response Header Field(s)",Low,http://testphp.vulnweb.com/hpp/params.php?p=valid&pp=12,"The web/application server is leaking information via one or more ""X-Powered-By"" HTTP response headers. Access to such information may facilitate attackers identifying other frameworks/components your web application is reliant upon and the vulnerabilities such components may be subject to.","Ensure that your web server, application server, load balancer, etc. is configured to suppress ""X-Powered-By"" headers."
"Server Leaks Information via ""X-Powered-By"" HTTP Response Header Field(s)",Low,http://testphp.vulnweb.com/Mod_Rewrite_Shop/BuyProduct-3/,"The web/application server is leaking information via one or more ""X-Powered-By"" HTTP response headers. Access to such information may facilitate attackers identifying other frameworks/components your web application is reliant upon and the vulnerabilities such components may be subject to.","Ensure that your web server, application server, load balancer, etc. is configured to suppress ""X-Powered-By"" headers."
Charset Mismatch (Header Versus Meta Content-Type Charset),Informational,http://testphp.vulnweb.com/cart.php,"This check identifies responses where the HTTP Content-Type header declares a charset different from the charset defined by the body of the HTML or XML. When there's a charset mismatch between the HTTP header and content body Web browsers can be forced into an undesirable content-sniffing mode to determine the content's correct character set.

An attacker could manipulate content on the page to be interpreted in an encoding of their choice. For example, if an attacker can control content at the beginning of the page, they could inject script using UTF-7 encoded text and manipulate some browsers into interpreting that text.",Force UTF-8 for all text content in both the HTTP header and meta tags in HTML or encoding declarations in XML.
Content Security Policy (CSP) Header Not Set,Medium,http://testphp.vulnweb.com/cart.php,"Content Security Policy (CSP) is an added layer of security that helps to detect and mitigate certain types of attacks, including Cross Site Scripting (XSS) and data injection attacks. These attacks are used for everything from data theft to site defacement or distribution of malware. CSP provides a set of standard HTTP headers that allow website owners to declare approved sources of content that browsers should be allowed to load on that page — covered types are JavaScript, CSS, HTML frames, fonts, images and embeddable objects such as Java applets, ActiveX, audio and video files.","Ensure that your web server, application server, load balancer, etc. is configured to set the Content-Security-Policy header."
Absence of Anti-CSRF Tokens,Medium,http://testphp.vulnweb.com/cart.php,"No Anti-CSRF tokens were found in a HTML submission form.
A cross-site request forgery is an attack that involves forcing a victim to send an HTTP request to a target destination without their knowledge or intent in order to perform an action as the victim. The underlying cause is application functionality using predictable URL/form actions in a repeatable way. The nature of the attack is that CSRF exploits the trust that a web site has for a user. By contrast, cross-site scripting (XSS) exploits the trust that a user has for a web site. Like XSS, CSRF attacks are not necessarily cross-site, but they can be. Cross-site request forgery is also known as CSRF, XSRF, one-click attack, session riding, confused deputy, and sea surf.

CSRF attacks are effective in a number of situations, including:
    * The victim has an active session on the target site.
    * The victim is authenticated via HTTP auth on the target site.
    * The victim is on the same local network as the target site.

CSRF has primarily been used to perform an action against a target site using the victim's privileges, but recent techniques have been discovered to disclose information by gaining access to the response. The risk of information disclosure is dramatically increased when the target site is vulnerable to XSS, because XSS can be used as a platform for CSRF, allowing the attack to operate within the bounds of the same-origin policy.","Phase: Architecture and Design
Use a vetted library or framework that does not allow this weakness to occur or provides constructs that make this weakness easier to avoid.
For example, use anti-CSRF packages such as the OWASP CSRFGuard.

Phase: Implementation
Ensure that your application is free of cross-site scripting issues, because most CSRF defenses can be bypassed using attacker-controlled script.

Phase: Architecture and Design
Generate a unique nonce for each form, place the nonce into the form, and verify the nonce upon receipt of the form. Be sure that the nonce is not predictable (CWE-330).
Note that this can be bypassed using XSS.

Identify especially dangerous operations. When the user performs a dangerous operation, send a separate confirmation request to ensure that the user intended to perform that operation.
Note that this can be bypassed using XSS.

Use the ESAPI Session Management control.
This control includes a component for CSRF.

Do not use the GET method for any request that triggers a state change.

Phase: Implementation
Check the HTTP Referer header to see if the request originated from an expected page. This could break legitimate functionality, because users or proxies may have disabled sending the Referer for privacy reasons."
"Server Leaks Version Information via ""Server"" HTTP Response Header Field",Low,http://testphp.vulnweb.com/cart.php,"The web/application server is leaking version information via the ""Server"" HTTP response header. Access to such information may facilitate attackers identifying other vulnerabilities your web/application server is subject to.","Ensure that your web server, application server, load balancer, etc. is configured to suppress the ""Server"" header or provide generic details."
X-Content-Type-Options Header Missing,Low,http://testphp.vulnweb.com/cart.php,"The Anti-MIME-Sniffing header X-Content-Type-Options was not set to 'nosniff'. This allows older versions of Internet Explorer and Chrome to perform MIME-sniffing on the response body, potentially causing the response body to be interpreted and displayed as a content type other than the declared content type. Current (early 2014) and legacy versions of Firefox will use the declared content type (if one is set), rather than performing MIME-sniffing.","Ensure that the application/web server sets the Content-Type header appropriately, and that it sets the X-Content-Type-Options header to 'nosniff' for all web pages.
If possible, ensure that the end user uses a standards-compliant and modern web browser that does not perform MIME-sniffing at all, or that can be directed by the web application/web server to not perform MIME-sniffing."
"Server Leaks Information via ""X-Powered-By"" HTTP Response Header Field(s)",Low,http://testphp.vulnweb.com/cart.php,"The web/application server is leaking information via one or more ""X-Powered-By"" HTTP response headers. Access to such information may facilitate attackers identifying other frameworks/components your web application is reliant upon and the vulnerabilities such components may be subject to.","Ensure that your web server, application server, load balancer, etc. is configured to suppress ""X-Powered-By"" headers."
"Server Leaks Version Information via ""Server"" HTTP Response Header Field",Low,http://testphp.vulnweb.com/secured/style.css,"The web/application server is leaking version information via the ""Server"" HTTP response header. Access to such information may facilitate attackers identifying other vulnerabilities your web/application server is subject to.","Ensure that your web server, application server, load balancer, etc. is configured to suppress the ""Server"" header or provide generic details."
X-Content-Type-Options Header Missing,Low,http://testphp.vulnweb.com/secured/style.css,"The Anti-MIME-Sniffing header X-Content-Type-Options was not set to 'nosniff'. This allows older versions of Internet Explorer and Chrome to perform MIME-sniffing on the response body, potentially causing the response body to be interpreted and displayed as a content type other than the declared content type. Current (early 2014) and legacy versions of Firefox will use the declared content type (if one is set), rather than performing MIME-sniffing.","Ensure that the application/web server sets the Content-Type header appropriately, and that it sets the X-Content-Type-Options header to 'nosniff' for all web pages.
If possible, ensure that the end user uses a standards-compliant and modern web browser that does not perform MIME-sniffing at all, or that can be directed by the web application/web server to not perform MIME-sniffing."
